Player,Tm,G,GS,MP,FG,FGA,FG%,3P,3PA,3P%,2P,2PA,2P%,eFG%,FT,FTA,FT%,ORB,DRB,TRB,AST,STL,BLK,TOV,PF,PTS
Precious Achiuwa,TOR,73,28,23.6,3.6,8.3,0.439,0.8,2.1,0.359,2.9,6.1,0.468,0.486,1.1,1.8,0.595,2,4.5,6.5,1.1,0.5,0.6,1.2,2.1,9.1
Steven Adams,MEM,76,75,26.3,2.8,5.1,0.547,0,0,0,2.8,5,0.548,0.547,1.4,2.6,0.543,4.6,5.4,10,3.4,0.9,0.8,1.5,2,6.9
Bam Adebayo,MIA,56,56,32.6,7.3,13,0.557,0,0.1,0,7.3,12.9,0.562,0.557,4.6,6.1,0.753,2.4,7.6,10.1,3.4,1.4,0.8,2.6,3.1,19.1
Santi Aldama,MEM,32,0,11.3,1.7,4.1,0.402,0.2,1.5,0.125,1.5,2.6,0.56,0.424,0.6,1,0.625,1,1.7,2.7,0.7,0.2,0.3,0.5,1.1,4.1
LaMarcus Aldridge,BRK,47,12,22.3,5.4,9.7,0.55,0.3,1,0.304,5.1,8.8,0.578,0.566,1.9,2.2,0.873,1.6,3.9,5.5,0.9,0.3,1,0.9,1.7,12.9
Nickeil Alexander-Walker,TOT,65,21,22.6,3.9,10.5,0.372,1.6,5.2,0.311,2.3,5.3,0.433,0.449,1.2,1.7,0.743,0.6,2.3,2.9,2.4,0.7,0.4,1.4,1.6,10.6
Nickeil Alexander-Walker,NOP,50,19,26.3,4.7,12.6,0.375,1.9,6.1,0.311,2.8,6.5,0.434,0.45,1.4,1.9,0.722,0.7,2.6,3.3,2.8,0.8,0.4,1.7,1.8,12.8
Nickeil Alexander-Walker,UTA,15,2,9.9,1.1,3.2,0.333,0.7,2.2,0.303,0.4,1,0.4,0.438,0.7,0.8,0.917,0.1,1.5,1.5,1.1,0.3,0.3,0.5,1,3.5
Grayson Allen,MIL,66,61,27.3,3.9,8.6,0.448,2.4,5.9,0.409,1.5,2.7,0.533,0.588,1,1.1,0.865,0.5,2.9,3.4,1.5,0.7,0.3,0.7,1.5,11.1
Jarrett Allen,CLE,56,56,32.3,6.6,9.7,0.677,0,0.2,0.1,6.6,9.6,0.688,0.678,2.9,4.2,0.708,3.4,7.3,10.8,1.6,0.8,1.3,1.7,1.7,16.1
Jose Alvarado,NOP,54,1,15.4,2.4,5.4,0.446,0.6,2,0.291,1.8,3.4,0.538,0.5,0.7,1,0.679,0.5,1.4,1.9,2.8,1.3,0.1,0.7,1.4,6.1
Justin Anderson,TOT,16,6,19.8,2.3,5.9,0.379,0.9,3.7,0.254,1.3,2.3,0.583,0.458,0.9,1.2,0.789,0.3,2.6,2.9,2.1,0.5,0.4,0.5,1.4,6.4
Justin Anderson,CLE,3,0,15.7,1.3,2.7,0.5,0.7,2,0.333,0.7,0.7,1,0.625,1,1.3,0.75,0,2,2,2,0.3,0,0.7,1.3,4.3
Justin Anderson,IND,13,6,20.7,2.5,6.7,0.368,1,4.1,0.245,1.5,2.6,0.559,0.443,0.9,1.2,0.8,0.3,2.8,3.1,2.1,0.5,0.5,0.5,1.4,6.8
Kyle Anderson,MEM,69,11,21.5,3,6.8,0.446,0.5,1.6,0.33,2.5,5.2,0.481,0.484,1,1.5,0.638,1,4.3,5.3,2.7,1.1,0.7,1,1.6,7.6
Giannis Antetokounmpo,MIL,67,67,32.9,10.3,18.6,0.553,1.1,3.6,0.293,9.2,15,0.616,0.582,8.3,11.4,0.722,2,9.6,11.6,5.8,1.1,1.4,3.3,3.2,29.9
Thanasis Antetokounmpo,MIL,48,6,9.9,1.5,2.7,0.547,0,0.3,0.143,1.4,2.4,0.596,0.555,0.6,1,0.63,0.8,1.3,2.1,0.5,0.3,0.3,0.5,1.4,3.6
Carmelo Anthony,LAL,69,3,26,4.6,10.5,0.441,2.2,5.8,0.375,2.5,4.7,0.521,0.544,1.9,2.3,0.83,0.9,3.3,4.2,1,0.7,0.8,0.9,2.4,13.3
Cole Anthony,ORL,65,65,31.7,5.5,14,0.391,2,6,0.338,3.5,8,0.432,0.464,3.3,3.9,0.854,0.5,4.9,5.4,5.7,0.7,0.3,2.6,2.6,16.3
OG Anunoby,TOR,48,48,36,6.4,14.5,0.443,2.4,6.6,0.363,4,7.9,0.511,0.526,1.9,2.5,0.754,1.5,4,5.5,2.6,1.5,0.5,1.7,2.7,17.1
Ryan Arcidiacono,NYK,10,0,7.6,0.6,1.2,0.5,0.4,0.9,0.444,0.2,0.3,0.667,0.667,0,0,,0,0.8,0.8,0.4,0.1,0,0.3,0.5,1.6
Trevor Ariza,LAL,24,11,19.3,1.4,4.1,0.333,0.8,3.1,0.27,0.5,1,0.52,0.434,0.4,0.8,0.556,0.4,3,3.4,1.1,0.5,0.3,0.5,0.8,4
D.J. Augustin,TOT,55,2,16.1,1.7,4,0.423,1.2,3,0.415,0.5,1.1,0.448,0.577,0.7,0.8,0.884,0.2,1,1.2,1.9,0.3,0,1,0.7,5.3
D.J. Augustin,HOU,34,2,15,1.6,4,0.404,1.1,2.8,0.406,0.5,1.2,0.4,0.548,1,1.1,0.868,0.2,1,1.2,2.2,0.3,0,1.3,0.5,5.4
D.J. Augustin,LAL,21,0,17.8,1.9,4.1,0.453,1.4,3.2,0.426,0.5,0.9,0.556,0.622,0.2,0.2,1,0.2,1.1,1.3,1.6,0.3,0,0.5,1,5.3
Deni Avdija,WAS,82,8,24.2,3,7.1,0.432,1,3.2,0.317,2,3.9,0.525,0.503,1.3,1.7,0.757,0.6,4.5,5.2,2,0.7,0.5,1.1,2.3,8.4
Joel Ayayi,WAS,7,0,2.9,0.1,0.9,0.167,0,0.1,0,0.1,0.7,0.2,0.167,0,0,,0.1,0.3,0.4,0.6,0,0,0,0,0.3
Deandre Ayton,PHO,58,58,29.5,7.6,12,0.634,0.1,0.3,0.368,7.5,11.7,0.642,0.639,1.8,2.4,0.746,2.6,7.7,10.2,1.4,0.7,0.7,1.6,2.4,17.2
Udoka Azubuike,UTA,17,6,11.5,2.2,2.9,0.755,0,0,,2.2,2.9,0.755,0.755,0.4,0.6,0.545,1.1,3.1,4.2,0,0.1,0.6,0.7,1.5,4.7
Marvin Bagley III,TOT,48,25,23.9,4.7,9.3,0.504,0.5,2,0.237,4.2,7.3,0.579,0.53,1.4,2.1,0.663,2.2,4.9,7,0.8,0.5,0.4,0.8,1.9,11.3
Marvin Bagley III,SAC,30,17,21.9,3.8,8.2,0.463,0.5,2.1,0.242,3.3,6.1,0.538,0.494,1.2,1.6,0.745,2.2,4.9,7.2,0.6,0.3,0.4,0.7,1.7,9.3
Marvin Bagley III,DET,18,8,27.2,6.2,11.1,0.555,0.4,1.9,0.229,5.7,9.2,0.624,0.575,1.8,3,0.593,2.1,4.7,6.8,1.1,0.7,0.4,1,2.4,14.6
LaMelo Ball,CHO,75,75,32.3,7.2,16.7,0.429,2.9,7.5,0.389,4.2,9.2,0.462,0.517,2.8,3.2,0.872,1.4,5.2,6.7,7.6,1.6,0.4,3.3,3.2,20.1
Lonzo Ball,CHI,35,35,34.6,4.6,10.9,0.423,3.1,7.4,0.423,1.5,3.5,0.423,0.567,0.6,0.8,0.75,1,4.4,5.4,5.1,1.8,0.9,2.3,2.4,13
Mo Bamba,ORL,71,69,25.7,4.2,8.7,0.48,1.5,4,0.381,2.7,4.7,0.563,0.566,0.8,1,0.781,2.1,6,8.1,1.2,0.5,1.7,1.1,2.6,10.6
Desmond Bane,MEM,76,76,29.8,6.7,14.5,0.461,3,6.9,0.436,3.7,7.6,0.484,0.565,1.8,2,0.903,0.6,3.8,4.4,2.7,1.2,0.4,1.5,2.6,18.2
Dalano Banton,TOR,64,1,10.9,1.3,3.2,0.411,0.2,0.8,0.255,1.1,2.4,0.464,0.443,0.4,0.7,0.591,0.6,1.3,1.9,1.5,0.4,0.2,0.8,1.1,3.2
Cat Barber,ATL,3,0,4.3,0,1.3,0,0,0,,0,1.3,0,0,0,1.3,0,0.3,0.7,1,1,0,0,0.3,0.3,0
Harrison Barnes,SAC,77,77,33.6,5.1,10.8,0.469,1.8,4.7,0.394,3.2,6.2,0.525,0.554,4.4,5.4,0.826,1.1,4.5,5.6,2.4,0.7,0.2,1.5,1.2,16.4
Scottie Barnes,TOR,74,74,35.4,6.2,12.6,0.492,0.8,2.6,0.301,5.4,10,0.543,0.524,2.1,2.9,0.735,2.6,4.9,7.5,3.5,1.1,0.7,1.8,2.6,15.3
RJ Barrett,NYK,70,70,34.5,7,17.1,0.408,2,5.8,0.342,5,11.3,0.442,0.466,4.1,5.8,0.714,0.9,4.9,5.8,3,0.6,0.2,2.2,2,20
Will Barton,DEN,71,71,32.1,5.5,12.6,0.438,2.2,6.1,0.365,3.3,6.6,0.504,0.525,1.4,1.8,0.803,0.6,4.2,4.8,3.9,0.8,0.4,1.8,1.6,14.7
Paris Bass,PHO,2,0,3.5,1,3,0.333,0,1,0,1,2,0.5,0.333,1,1,1,1,1,2,0,0.5,0,1,1,3
Charles Bassey,PHI,23,0,7.3,1.3,2,0.638,0,0.2,0,1.3,1.9,0.698,0.638,0.4,0.5,0.75,1,1.7,2.7,0.3,0.2,0.7,0.3,1.4,3
Keita Bates-Diop,SAS,59,14,16.2,2.3,4.5,0.517,0.3,0.9,0.309,2,3.5,0.572,0.549,0.8,1,0.754,1.1,2.9,3.9,0.7,0.5,0.2,0.8,1,5.7
Nicolas Batum,LAC,59,54,24.8,3,6.6,0.463,1.8,4.6,0.4,1.2,2,0.607,0.602,0.4,0.6,0.658,0.5,3.8,4.3,1.7,1,0.7,0.7,1.4,8.3
Kent Bazemore,LAL,39,14,14,1.2,3.6,0.324,0.7,2.1,0.363,0.4,1.5,0.271,0.428,0.3,0.4,0.765,0.3,1.4,1.8,0.9,0.6,0.2,0.5,1.8,3.4
Darius Bazley,OKC,69,53,27.9,4,9.4,0.422,1.2,3.9,0.297,2.8,5.5,0.511,0.484,1.7,2.5,0.688,1,5.3,6.3,1.4,0.8,1,1.3,1,10.8
Bradley Beal,WAS,40,40,36,8.7,19.3,0.451,1.6,5.3,0.3,7.1,14,0.508,0.492,4.2,5.1,0.833,1,3.8,4.7,6.6,0.9,0.4,3.4,2.4,23.2
Malik Beasley,MIN,79,18,25,4.2,10.8,0.391,3,8.1,0.377,1.2,2.7,0.432,0.532,0.6,0.8,0.817,0.3,2.5,2.9,1.5,0.5,0.2,0.5,1.1,12.1
Jordan Bell,CHI,1,0,2,0,0,,0,0,,0,0,,,0,0,,1,0,1,0,1,0,0,2,0
DeAndre' Bembry,TOT,56,20,18.3,2.2,3.9,0.561,0.3,0.6,0.417,1.9,3.3,0.589,0.595,0.4,0.6,0.6,0.8,2.2,2.9,1.2,0.9,0.4,0.6,2,5.1
DeAndre' Bembry,BRK,48,20,19.8,2.5,4.4,0.568,0.3,0.8,0.417,2.2,3.7,0.599,0.603,0.4,0.7,0.6,0.8,2.4,3.2,1.3,1,0.5,0.6,2.2,5.8
DeAndre' Bembry,MIL,8,0,9.6,0.4,1,0.375,0,0,,0.4,1,0.375,0.375,0,0,,0.5,0.9,1.4,0.8,0.3,0,0.1,1.1,0.8
Dāvis Bertāns,TOT,56,0,14.4,1.8,4.9,0.36,1.4,4.1,0.335,0.4,0.8,0.489,0.5,0.6,0.7,0.9,0.2,1.9,2.1,0.6,0.3,0.2,0.3,1.5,5.6
Dāvis Bertāns,WAS,34,0,14.7,1.8,5,0.351,1.4,4.2,0.319,0.4,0.8,0.519,0.485,0.8,0.9,0.933,0.2,1.6,1.8,0.5,0.3,0.2,0.4,1.6,5.7
Dāvis Bertāns,DAL,22,0,13.9,1.8,4.7,0.375,1.4,3.9,0.36,0.4,0.8,0.444,0.524,0.4,0.5,0.8,0.3,2.3,2.5,0.7,0.3,0.3,0.2,1.4,5.3
Patrick Beverley,MIN,58,54,25.4,3.1,7.5,0.406,1.4,4.2,0.343,1.6,3.3,0.485,0.501,1.7,2.3,0.722,1.1,3.1,4.1,4.6,1.2,0.9,1.3,3,9.2
Saddiq Bey,DET,82,82,33,5.5,13.9,0.396,2.6,7.4,0.346,2.9,6.4,0.454,0.489,2.6,3.1,0.827,1.3,4.1,5.4,2.8,0.9,0.2,1.2,1.6,16.1
Khem Birch,TOR,55,28,18,1.8,3.6,0.485,0,0.3,0,1.8,3.4,0.522,0.485,1,1.3,0.746,2.2,2.1,4.3,1,0.5,0.5,0.5,1.9,4.5
Goga Bitadze,IND,50,16,14.6,2.6,5,0.52,0.5,1.6,0.288,2.2,3.4,0.628,0.565,1.3,1.9,0.681,1.6,2,3.5,1.1,0.4,0.8,0.9,2.1,7
Bismack Biyombo,PHO,36,3,14.1,2.4,4,0.593,0,0,,2.4,4,0.593,0.593,1.1,2,0.535,1.8,2.9,4.6,0.6,0.3,0.7,0.7,1.9,5.8
Nemanja Bjelica,GSW,71,0,16.1,2.3,4.8,0.468,0.8,2.1,0.362,1.5,2.7,0.549,0.547,0.8,1.1,0.728,0.9,3.3,4.1,2.2,0.6,0.4,1.2,1.8,6.1
Eric Bledsoe,LAC,54,29,25.2,3.6,8.7,0.421,0.9,3,0.313,2.7,5.6,0.479,0.475,1.6,2.2,0.761,0.5,2.9,3.4,4.2,1.3,0.4,2.1,1.6,9.9
Keljin Blevins,POR,31,1,11.3,1.1,3.6,0.306,0.7,2.3,0.292,0.4,1.3,0.333,0.401,0.2,0.4,0.545,0.5,0.9,1.5,0.6,0.4,0,0.5,0.9,3.1
Bogdan Bogdanović,ATL,63,27,29.3,5.4,12.6,0.431,2.7,7.3,0.368,2.7,5.3,0.516,0.537,1.5,1.8,0.843,0.5,3.5,4,3.1,1.1,0.2,1.1,2.1,15.1
Bojan Bogdanović,UTA,69,69,30.9,6.1,13.4,0.455,2.6,6.8,0.387,3.5,6.7,0.524,0.552,3.2,3.8,0.858,0.8,3.4,4.3,1.7,0.5,0,1.7,1.7,18.1
Bol Bol,DEN,14,0,5.8,1.1,1.9,0.556,0.1,0.3,0.25,1,1.6,0.609,0.574,0.1,0.4,0.4,0.3,1.1,1.4,0.4,0.1,0.1,0.3,0.3,2.4
Leandro Bolmaro,MIN,35,2,6.9,0.5,1.5,0.315,0.1,0.5,0.278,0.3,1,0.333,0.361,0.3,0.4,0.846,0.5,0.8,1.2,0.6,0.2,0,0.4,0.7,1.4
Isaac Bonga,TOR,15,0,4.6,0.2,0.9,0.231,0.1,0.3,0.25,0.1,0.6,0.222,0.269,0.3,0.5,0.625,0.3,0.2,0.5,0.3,0.5,0.1,0.1,0.7,0.8
Devin Booker,PHO,68,68,34.5,9.7,20.9,0.466,2.7,7,0.383,7,13.9,0.508,0.53,4.6,5.3,0.868,0.7,4.4,5,4.8,1.1,0.4,2.4,2.6,26.8
Brandon Boston Jr.,LAC,51,0,14.9,2.5,6.4,0.385,0.7,2.2,0.306,1.8,4.2,0.425,0.437,1.2,1.4,0.819,0.3,1.8,2.2,1,0.5,0.3,0.6,0.8,6.7
Chris Boucher,TOR,80,9,21.1,3.4,7.2,0.464,0.9,2.9,0.297,2.5,4.4,0.575,0.523,1.9,2.4,0.777,2.2,3.9,6.2,0.3,0.6,0.9,0.5,2.2,9.4
James Bouknight,CHO,31,0,9.8,1.6,4.5,0.348,0.5,1.6,0.347,1,3,0.348,0.408,0.9,1,0.871,0.7,1,1.7,0.8,0.2,0,0.5,0.9,4.6
Avery Bradley,LAL,62,45,22.7,2.4,5.6,0.423,1.3,3.4,0.39,1.1,2.3,0.471,0.54,0.3,0.3,0.889,0.5,1.7,2.2,0.8,0.9,0.1,0.6,1.9,6.4
Tony Bradley,CHI,55,7,10,1.3,2.2,0.585,0,0,,1.3,2.2,0.585,0.585,0.3,0.5,0.655,1.2,2.2,3.4,0.5,0.2,0.6,0.6,1.1,3
Ignas Brazdeikis,ORL,42,1,12.8,1.9,4.5,0.431,0.6,2.1,0.31,1.3,2.4,0.535,0.503,0.5,0.8,0.656,0.5,1.2,1.7,0.9,0.2,0.1,0.4,1.1,5
Mikal Bridges,PHO,82,82,34.8,5.6,10.5,0.534,1.4,3.8,0.369,4.2,6.7,0.628,0.601,1.6,1.9,0.834,0.9,3.3,4.2,2.3,1.2,0.4,0.8,1.8,14.2
Miles Bridges,CHO,80,80,35.5,7.5,15.2,0.491,1.9,5.8,0.331,5.5,9.4,0.59,0.554,3.3,4.2,0.802,1.1,5.9,7,3.8,0.9,0.8,1.9,2.4,20.2
Oshae Brissett,IND,67,25,23.3,3.1,7.6,0.411,1.2,3.5,0.35,1.9,4,0.465,0.493,1.7,2.4,0.695,1.6,3.7,5.3,1.1,0.7,0.4,0.8,1.7,9.1
Malcolm Brogdon,IND,36,36,33.5,6.8,15.1,0.448,1.6,5.2,0.312,5.1,9.9,0.518,0.501,4,4.6,0.856,0.9,4.2,5.1,5.9,0.8,0.4,2.1,2,19.1
Armoni Brooks,TOT,54,11,15.6,1.8,5.4,0.339,1.4,4.6,0.297,0.4,0.7,0.6,0.467,0.3,0.4,0.857,0.4,1.5,1.9,1.1,0.5,0.2,0.5,1.4,5.3
Armoni Brooks,HOU,41,8,16.8,2.1,6.1,0.347,1.6,5.2,0.3,0.6,0.9,0.605,0.474,0.4,0.5,0.842,0.3,1.7,2,1.2,0.5,0.2,0.6,1.5,6.2
Armoni Brooks,TOR,13,3,11.8,0.8,2.9,0.289,0.8,2.8,0.278,0.1,0.2,0.5,0.421,0.2,0.2,1,0.6,1.1,1.7,1,0.5,0.2,0.3,1.1,2.6
Dillon Brooks,MEM,32,31,27.7,7.1,16.4,0.432,1.4,4.7,0.309,5.7,11.8,0.48,0.475,2.8,3.3,0.849,0.9,2.3,3.2,2.8,1.1,0.3,1.6,3.3,18.4
Bruce Brown,BRK,72,45,24.6,3.6,7,0.506,0.5,1.3,0.404,3,5.7,0.529,0.543,1.3,1.8,0.758,1.4,3.4,4.8,2.1,1.1,0.7,0.8,2.4,9
Charlie Brown Jr.,TOT,22,2,8,0.5,1.8,0.256,0,0.5,0.083,0.4,1.2,0.333,0.269,0.4,0.5,0.9,0.6,0.8,1.5,0.3,0.5,0.2,0.2,0.8,1.4
Charlie Brown Jr.,DAL,3,0,5,0.3,1.7,0.2,0,1,0,0.3,0.7,0.5,0.2,0,0,,0,0.3,0.3,0.3,0.7,0.3,0,0.7,0.7
Charlie Brown Jr.,PHI,19,2,8.5,0.5,1.8,0.265,0.1,0.5,0.111,0.4,1.3,0.32,0.279,0.5,0.5,0.9,0.7,0.9,1.6,0.3,0.4,0.2,0.3,0.8,1.5
Chaundee Brown Jr.,TOT,5,2,20.8,2,6.4,0.313,1.2,3.6,0.333,0.8,2.8,0.286,0.406,1,1.2,0.833,0.2,3,3.2,0.8,0.4,0,0.2,1.4,6.2
Chaundee Brown Jr.,LAL,2,0,10.5,0.5,3.5,0.143,0,1.5,0,0.5,2,0.25,0.143,0,0,,0,1,1,0,0,0,0.5,0,1
Chaundee Brown Jr.,ATL,3,2,27.7,3,8.3,0.36,2,5,0.4,1,3.3,0.3,0.48,1.7,2,0.833,0.3,4.3,4.7,1.3,0.7,0,0,2.3,9.7
Greg Brown III,POR,48,6,13.3,1.7,4,0.426,0.4,1.3,0.311,1.3,2.7,0.481,0.476,0.9,1.4,0.677,0.8,2,2.8,0.7,0.5,0.5,0.8,1.9,4.7
Jaylen Brown,BOS,66,66,33.6,8.7,18.4,0.473,2.5,7,0.358,6.2,11.4,0.544,0.541,3.7,4.8,0.758,0.8,5.3,6.1,3.5,1.1,0.3,2.7,2.5,23.6
Moses Brown,TOT,40,6,8.6,1.6,2.7,0.593,0,0,,1.6,2.7,0.593,0.593,1.1,1.8,0.597,1,2.4,3.4,0,0.2,0.4,0.5,1.3,4.3
Moses Brown,DAL,26,1,6.5,1,1.9,0.54,0,0,,1,1.9,0.54,0.54,1,1.7,0.628,0.6,1.7,2.3,0,0.1,0.3,0.5,1.1,3.1
Moses Brown,CLE,14,5,12.6,2.6,4.1,0.638,0,0,,2.6,4.1,0.638,0.638,1.1,2.1,0.552,1.6,3.6,5.3,0,0.3,0.5,0.4,1.8,6.4
Sterling Brown,DAL,49,3,12.8,1.2,3.2,0.381,0.6,1.9,0.304,0.6,1.3,0.492,0.471,0.3,0.3,0.933,0.5,2.5,3,0.7,0.3,0.1,0.5,1.1,3.3
Troy Brown Jr.,CHI,66,7,16,1.6,3.9,0.419,0.7,2,0.353,0.9,1.9,0.488,0.51,0.3,0.4,0.769,0.6,2.5,3.1,1,0.5,0.1,0.4,0.9,4.3
Jalen Brunson,DAL,79,61,31.9,6.4,12.8,0.502,1.2,3.2,0.373,5.2,9.6,0.545,0.549,2.3,2.7,0.84,0.5,3.4,3.9,4.8,0.8,0,1.6,1.9,16.3
Thomas Bryant,WAS,27,9,16.3,2.9,5.5,0.52,0.4,1.6,0.286,2.4,3.9,0.613,0.561,1.3,1.5,0.875,1,3,4,0.9,0.2,0.8,0.7,1.6,7.4
Shaq Buchanan,MEM,2,0,5,0.5,2,0.25,0,1,0,0.5,1,0.5,0.25,0,0,,0.5,0.5,1,1,0.5,0,1,0.5,1
Reggie Bullock,DAL,68,37,28,3,7.4,0.401,2.1,5.8,0.36,0.9,1.6,0.55,0.542,0.6,0.7,0.833,0.5,3.1,3.5,1.2,0.6,0.2,0.6,1.6,8.6
Trey Burke,DAL,42,0,10.5,2,5.1,0.391,0.6,2,0.317,1.4,3.2,0.436,0.451,0.5,0.5,0.87,0.1,0.7,0.8,1.4,0.3,0,0.6,0.9,5.1
Alec Burks,NYK,81,44,28.6,3.5,9,0.391,1.9,4.8,0.404,1.6,4.2,0.378,0.499,2.7,3.3,0.822,0.6,4.3,4.9,3,1,0.3,1.1,2.7,11.7
Jared Butler,UTA,42,1,8.6,1.5,3.6,0.404,0.7,2.1,0.318,0.8,1.5,0.524,0.497,0.3,0.4,0.688,0.1,1,1.1,1.5,0.4,0.2,0.8,1.1,3.8
Jimmy Butler,MIA,57,57,33.9,7,14.5,0.48,0.5,2,0.233,6.5,12.5,0.52,0.496,6.9,8,0.87,1.8,4.1,5.9,5.5,1.6,0.5,2.1,1.5,21.4
Devontae Cacok,SAS,15,0,8.1,1.4,2.1,0.677,0,0,,1.4,2.1,0.677,0.677,0.3,0.5,0.571,0.5,2.3,2.8,0.4,0.5,0.5,0.2,1.1,3.1
Kentavious Caldwell-Pope,WAS,77,77,30.2,4.7,10.8,0.435,2.1,5.3,0.39,2.6,5.5,0.48,0.531,1.8,2,0.89,0.5,2.9,3.4,1.9,1.1,0.3,1.3,1.8,13.2
Facundo Campazzo,DEN,65,4,18.2,1.6,4.6,0.361,0.9,3,0.301,0.8,1.6,0.476,0.459,0.9,1.2,0.769,0.4,1.4,1.8,3.4,1,0.4,1,1.9,5.1
Vlatko Čančar,DEN,15,1,11.7,1.5,2.7,0.561,0.5,0.8,0.583,1.1,1.9,0.552,0.646,0.6,0.9,0.643,0.5,1.5,2.1,1.1,0.1,0.2,0.6,1.2,4.1
Devin Cannady,ORL,5,0,29,3,8.8,0.341,3,7.4,0.405,0,1.4,0,0.511,1,1.4,0.714,0.2,1,1.2,2,1,0.6,1,1.8,10
Clint Capela,ATL,74,73,27.6,5,8.2,0.613,0,0,0,5,8.1,0.614,0.613,1.1,2.3,0.473,3.8,8.1,11.9,1.2,0.7,1.3,0.6,2.2,11.1
Vernon Carey Jr.,TOT,7,1,6.3,1,1.9,0.538,0,0,,1,1.9,0.538,0.538,0.9,1.9,0.462,1.1,0.6,1.7,0,0.3,0.1,0.4,0.6,2.9
Vernon Carey Jr.,CHO,4,1,4.3,0.8,1.5,0.5,0,0,,0.8,1.5,0.5,0.5,0.5,0.8,0.667,0.8,0.5,1.3,0,0.3,0,0.3,0.3,2
Vernon Carey Jr.,WAS,3,0,9,1.3,2.3,0.571,0,0,,1.3,2.3,0.571,0.571,1.3,3.3,0.4,1.7,0.7,2.3,0,0.3,0.3,0.7,1,4
Jevon Carter,TOT,66,3,13.7,1.5,3.8,0.387,1,2.6,0.388,0.5,1.3,0.386,0.518,0.2,0.3,0.833,0.2,1.5,1.7,1.5,0.4,0.2,0.5,1,4.2
Jevon Carter,BRK,46,1,12,1.3,3.8,0.333,0.9,2.8,0.331,0.3,1,0.34,0.454,0.2,0.2,0.7,0.2,1.3,1.5,1,0.3,0.2,0.6,1,3.6
Jevon Carter,MIL,20,2,17.7,2,4,0.506,1.2,2.2,0.558,0.8,1.8,0.444,0.658,0.4,0.4,1,0.3,1.9,2.2,2.5,0.5,0.2,0.4,1.1,5.6
Wendell Carter Jr.,ORL,62,61,29.9,5.8,11,0.525,1.1,3.5,0.327,4.7,7.6,0.615,0.576,2.3,3.3,0.691,2.2,8.2,10.5,2.8,0.6,0.7,1.9,2.7,15
Alex Caruso,CHI,41,18,28,2.5,6.2,0.398,1,3.1,0.333,1.5,3.2,0.462,0.48,1.4,1.8,0.795,0.8,2.8,3.6,4,1.7,0.4,1.4,2.6,7.4
Willie Cauley-Stein,TOT,20,2,9.2,0.8,1.8,0.457,0.1,0.1,0.5,0.8,1.7,0.455,0.471,0.1,0.1,0.5,0.7,1.4,2,0.5,0.3,0.2,0.4,1,1.7
Willie Cauley-Stein,DAL,18,2,9.8,0.9,1.9,0.457,0.1,0.1,0.5,0.8,1.8,0.455,0.471,0.1,0.1,0.5,0.7,1.4,2.1,0.5,0.3,0.2,0.4,0.9,1.9
Willie Cauley-Stein,PHI,2,0,3,0,0,,0,0,,0,0,,,0,0,,0,1,1,0.5,0,0,0,1,0
Ahmad Caver,IND,1,0,1,1,1,1,0,0,,1,1,1,1,0,0,,0,0,0,0,0,0,0,0,2
Justin Champagnie,TOR,36,0,7.8,0.9,1.9,0.463,0.3,0.8,0.357,0.6,1.1,0.538,0.537,0.3,0.3,1,1,1,2,0.3,0.2,0.1,0.2,0.9,2.3
Zylan Cheatham,UTA,1,0,5,0,3,0,0,2,0,0,1,0,0,0,0,,0,0,0,0,0,0,0,0,0
Chris Chiozza,GSW,34,1,10.9,0.7,2.4,0.296,0.5,1.6,0.321,0.2,0.8,0.25,0.401,0.1,0.1,0.667,0.3,0.8,1.1,1.9,0.4,0,0.9,0.9,2
Marquese Chriss,DAL,34,0,10.2,1.8,3.9,0.463,0.2,0.7,0.32,1.6,3.2,0.495,0.493,0.6,1,0.667,1,2.1,3,0.5,0.4,0.4,0.5,1.9,4.5
Josh Christopher,HOU,74,2,18,3,6.8,0.448,0.8,2.6,0.296,2.3,4.2,0.54,0.504,1.1,1.5,0.735,0.7,1.8,2.5,2,0.9,0.2,1.5,1.3,7.9
Gary Clark,NOP,38,1,9.9,0.9,2.3,0.375,0.7,1.8,0.4,0.1,0.5,0.278,0.534,0.2,0.3,0.7,0.6,1.8,2.4,0.5,0.3,0.2,0.3,0.5,2.7
Brandon Clarke,MEM,64,1,19.5,4.5,7,0.644,0.1,0.3,0.227,4.4,6.6,0.666,0.65,1.3,2,0.654,2.1,3.2,5.3,1.3,0.6,1.1,0.5,1.9,10.4
Jordan Clarkson,UTA,79,1,27.1,5.9,14.1,0.419,2.4,7.6,0.318,3.5,6.5,0.535,0.504,1.8,2.2,0.828,0.8,2.6,3.5,2.5,0.8,0.2,1.6,1.9,16
Nic Claxton,BRK,47,19,20.7,3.8,5.6,0.674,0,0,,3.8,5.6,0.674,0.674,1.1,2,0.581,1.9,3.7,5.6,0.9,0.5,1.1,0.8,2.3,8.7
Amir Coffey,LAC,69,30,22.7,3.1,6.8,0.453,1.4,3.7,0.378,1.7,3.1,0.542,0.556,1.5,1.7,0.863,0.4,2.5,2.9,1.8,0.6,0.2,0.7,1.3,9
John Collins,ATL,54,53,30.8,6.3,11.9,0.526,1.2,3.3,0.364,5.1,8.7,0.588,0.576,2.5,3.1,0.793,1.7,6.1,7.8,1.8,0.6,1,1.1,3,16.2
Zach Collins,SAS,28,4,17.9,2.7,5.5,0.49,0.5,1.5,0.341,2.2,4.1,0.544,0.535,1.9,2.3,0.8,1.6,3.8,5.5,2.2,0.5,0.8,1.6,2.4,7.8
Darren Collison,LAL,3,0,12.3,0.7,2.3,0.286,0,1,0,0.7,1.3,0.5,0.286,0,0,,0,1.3,1.3,0.7,0.3,0,0.3,1.7,1.3
Mike Conley,UTA,72,72,28.6,4.8,11,0.435,2.3,5.8,0.408,2.4,5.2,0.464,0.542,1.8,2.3,0.796,0.7,2.4,3,5.3,1.3,0.3,1.7,2,13.7
Pat Connaughton,MIL,65,19,26,3.5,7.6,0.458,2.2,5.7,0.395,1.2,1.9,0.643,0.605,0.7,0.8,0.833,0.7,3.5,4.2,1.3,0.9,0.2,0.5,1.3,9.9
Tyler Cook,CHI,20,2,10,1.2,1.9,0.605,0,0,,1.2,1.9,0.605,0.605,1.1,1.6,0.656,0.8,1.9,2.7,0.2,0.2,0.2,0.4,1.4,3.4
Sharife Cooper,ATL,13,0,3,0.2,1.1,0.214,0.1,0.5,0.167,0.2,0.6,0.25,0.25,0,0,,0,0.4,0.4,0.4,0,0,0.4,0.1,0.5
Petr Cornelie,DEN,13,0,2.9,0.4,1.2,0.333,0.1,0.6,0.125,0.3,0.5,0.571,0.367,0.2,0.3,0.75,0.5,0.5,1.1,0.2,0.1,0.1,0.3,0.5,1.1
DeMarcus Cousins,TOT,48,7,15,3.1,6.8,0.46,0.8,2.5,0.303,2.3,4.2,0.554,0.517,2,2.6,0.76,1.5,4.1,5.6,1.5,0.7,0.4,1.8,2.9,9
DeMarcus Cousins,MIL,17,5,16.9,3.2,6.9,0.466,0.8,2.8,0.271,2.5,4.1,0.6,0.521,1.8,2.2,0.816,1.4,4.4,5.8,1.1,0.9,0.5,0.9,2.7,9.1
DeMarcus Cousins,DEN,31,2,13.9,3,6.6,0.456,0.8,2.4,0.324,2.3,4.3,0.53,0.515,2.1,2.8,0.736,1.6,3.9,5.5,1.7,0.6,0.4,2.2,3,8.9
Robert Covington,TOT,71,42,27.3,2.9,7,0.42,1.8,4.8,0.378,1.1,2.2,0.509,0.548,0.8,1,0.841,0.8,4.7,5.5,1.3,1.5,1.3,1.1,2.7,8.5
Robert Covington,POR,48,40,29.8,2.7,7,0.381,1.6,4.8,0.343,1,2.2,0.462,0.499,0.6,0.8,0.833,0.9,4.9,5.7,1.4,1.5,1.3,1.2,2.8,7.6
Robert Covington,LAC,23,2,22.1,3.5,7,0.5,2.1,4.7,0.45,1.4,2.3,0.604,0.651,1.2,1.4,0.848,0.8,4.3,5.1,1,1.3,1.2,0.7,2.5,10.4
Torrey Craig,TOT,78,16,20.5,2.6,5.7,0.454,1,3,0.329,1.6,2.7,0.594,0.541,0.5,0.7,0.75,1.1,2.9,4,1.2,0.6,0.5,0.9,1.9,6.6
Torrey Craig,IND,51,14,20.3,2.5,5.5,0.456,0.9,2.7,0.333,1.6,2.8,0.573,0.537,0.5,0.7,0.771,1.2,2.7,3.8,1.1,0.5,0.4,0.8,1.9,6.5
Torrey Craig,PHO,27,2,20.8,2.7,5.9,0.45,1.1,3.6,0.323,1.5,2.4,0.641,0.547,0.4,0.6,0.706,1,3.3,4.3,1.2,0.8,0.6,1,2.1,6.9
Jae Crowder,PHO,67,67,28.1,3.2,8.1,0.399,1.9,5.4,0.348,1.3,2.7,0.503,0.516,1.1,1.3,0.789,0.4,4.8,5.3,1.9,1.4,0.4,0.8,2.6,9.4
Jarrett Culver,MEM,37,0,9.1,1.4,3.6,0.378,0.3,1.3,0.255,1.1,2.4,0.443,0.422,0.4,0.9,0.471,0.4,0.9,1.3,0.9,0.5,0.1,0.5,1.1,3.5
Jarron Cumberland,POR,3,0,4,0.3,0.7,0.5,0,0.3,0,0.3,0.3,1,0.5,0,0,,0.3,0.7,1,0.3,0,0,0,0.7,0.7
Cade Cunningham,DET,64,64,32.6,6.7,16.1,0.416,1.8,5.7,0.314,4.9,10.4,0.472,0.471,2.2,2.6,0.845,0.9,4.6,5.5,5.6,1.2,0.7,3.7,3.1,17.4
Seth Curry,TOT,64,64,33.4,5.6,11.5,0.487,2.5,5.8,0.422,3.2,5.7,0.553,0.594,1.3,1.5,0.872,0.3,2.8,3.1,3.6,0.8,0.2,1.7,2.3,15
Seth Curry,PHI,45,45,34.8,5.7,11.7,0.485,2.2,5.6,0.4,3.5,6.2,0.561,0.58,1.4,1.6,0.877,0.4,3,3.4,4,0.8,0.2,1.9,2.2,15
Seth Curry,BRK,19,19,29.9,5.5,11.1,0.493,3.1,6.5,0.468,2.4,4.6,0.529,0.63,0.9,1.1,0.857,0.2,2.4,2.6,2.6,0.9,0.2,1.3,2.5,14.9
Stephen Curry,GSW,64,64,34.5,8.4,19.1,0.437,4.5,11.7,0.38,3.9,7.4,0.527,0.554,4.3,4.7,0.923,0.5,4.7,5.2,6.3,1.3,0.4,3.2,2,25.5
Anthony Davis,LAL,40,40,35.1,9.3,17.4,0.532,0.3,1.8,0.186,8.9,15.6,0.571,0.542,4.4,6.1,0.713,2.7,7.2,9.9,3.1,1.2,2.3,2.1,2.4,23.2
Ed Davis,CLE,31,3,6.5,0.4,0.5,0.688,0,0,,0.4,0.5,0.688,0.688,0.2,0.5,0.429,0.5,1.6,2.1,0.2,0.1,0.3,0.2,1.1,0.9
Terence Davis,SAC,30,11,17.9,3.8,8.9,0.423,1.6,5,0.329,2.1,3.9,0.542,0.515,1.2,1.5,0.818,0.4,2.8,3.1,1.3,0.8,0.4,1.1,2.3,10.4
Gabriel Deck,OKC,7,0,8,1.1,2,0.571,0.3,0.6,0.5,0.9,1.4,0.6,0.643,0,0,,0.1,0.7,0.9,0.7,0.1,0,0.3,0.3,2.6
Dewayne Dedmon,MIA,67,15,15.9,2.4,4.3,0.566,0.3,0.7,0.404,2.2,3.6,0.597,0.598,1.1,1.5,0.75,1.6,4.2,5.8,0.7,0.4,0.6,1,2.6,6.3
Sam Dekker,TOR,1,0,1,0,0,,0,0,,0,0,,,0,0,,0,0,0,0,0,0,0,0,0
Javin DeLaurier,MIL,1,0,3,0,0,,0,0,,0,0,,,0,0,,0,1,1,0,1,0,0,1,0
DeMar DeRozan,CHI,76,76,36.1,10.2,20.2,0.504,0.7,1.9,0.352,9.5,18.3,0.52,0.521,6.8,7.8,0.877,0.7,4.4,5.2,4.9,0.9,0.3,2.4,2.3,27.9
Mamadi Diakite,OKC,13,3,14.5,1.9,3.6,0.532,0,0.4,0,1.9,3.2,0.595,0.532,0.5,0.8,0.545,1.3,3.2,4.5,0.2,0.4,0.7,0.5,2.5,4.3
Cheick Diallo,DET,3,0,10.3,1,2.7,0.375,0,0,,1,2.7,0.375,0.375,1.7,2,0.833,1.3,2.7,4,0,0.3,0,0.3,2,3.7
Hamidou Diallo,DET,58,29,21.9,4.5,9.1,0.496,0.4,1.6,0.247,4.1,7.5,0.55,0.518,1.6,2.4,0.65,1.2,3.6,4.8,1.3,1.2,0.3,1,2.5,11
Gorgui Dieng,ATL,44,3,8.4,1.2,2.5,0.473,0.7,1.5,0.426,0.5,1,0.545,0.603,0.4,0.6,0.731,0.7,2,2.8,0.8,0.3,0.3,0.5,1.2,3.5
Spencer Dinwiddie,TOT,67,51,29.6,4.6,11,0.416,1.7,4.9,0.339,2.9,6,0.479,0.493,2.9,3.8,0.774,0.7,3.5,4.2,5.2,0.7,0.2,1.6,2.2,13.7
Spencer Dinwiddie,WAS,44,44,30.2,4.2,11.2,0.376,1.6,5.1,0.31,2.6,6,0.432,0.447,2.6,3.3,0.811,0.8,3.9,4.7,5.8,0.6,0.2,1.7,2.4,12.6
Spencer Dinwiddie,DAL,23,7,28.3,5.3,10.6,0.498,1.8,4.5,0.404,3.4,6,0.568,0.584,3.4,4.7,0.725,0.4,2.7,3.1,3.9,0.7,0.3,1.3,1.9,15.8
Donte DiVincenzo,TOT,42,1,24,2.8,8,0.351,1.8,5.2,0.339,1,2.8,0.373,0.461,1.7,2,0.843,1,3.1,4,2.8,1.1,0.2,1.7,1.6,9
Donte DiVincenzo,MIL,17,0,20.1,2.3,6.9,0.331,1.2,4.4,0.284,1.1,2.6,0.409,0.419,1.4,1.6,0.852,1.1,2.5,3.5,1.7,0.6,0.2,1.6,1.5,7.2
Donte DiVincenzo,SAC,25,1,26.6,3.2,8.7,0.362,2.1,5.8,0.368,1,3,0.351,0.484,1.9,2.2,0.839,0.9,3.5,4.4,3.6,1.5,0.2,1.8,1.7,10.3
Luka Dončić,DAL,65,65,35.4,9.9,21.6,0.457,3.1,8.8,0.353,6.8,12.8,0.528,0.529,5.6,7.5,0.744,0.9,8.3,9.1,8.7,1.2,0.6,4.5,2.2,28.4
Luguentz Dort,OKC,51,51,32.6,5.7,14.2,0.404,2.5,7.7,0.332,3.2,6.6,0.487,0.493,3.2,3.7,0.843,0.7,3.4,4.2,1.7,0.9,0.4,1.7,2.9,17.2
Ayo Dosunmu,CHI,77,40,27.4,3.6,6.9,0.52,0.9,2.4,0.376,2.7,4.5,0.596,0.585,0.7,1,0.679,0.4,2.4,2.8,3.3,0.8,0.4,1.4,2.4,8.8
Damyean Dotson,NYK,2,0,10.5,1,2,0.5,0,0.5,0,1,1.5,0.667,0.5,0,0,,0,1,1,0.5,0,0,0,0,2
Devon Dotson,CHI,11,0,7.7,1,2.1,0.478,0.2,0.8,0.222,0.8,1.3,0.643,0.522,0.5,0.8,0.556,0.1,0.7,0.8,1.4,0.1,0,0.5,1,2.6
Sekou Doumbouya,LAL,2,0,8,2.5,4,0.625,0.5,1,0.5,2,3,0.667,0.688,1.5,2,0.75,1,2,3,0,1.5,1,1,0.5,7
Jeff Dowtin,TOT,9,0,12,0.9,2.9,0.308,0.1,1,0.111,0.8,1.9,0.412,0.327,0.2,0.2,1,0.9,1.1,2,1.1,0.6,0.1,0.6,0.6,2.1
Jeff Dowtin,GSW,4,0,7,0.8,1.5,0.5,0,0.3,0,0.8,1.3,0.6,0.5,0,0,,0.3,1.5,1.8,0.8,0,0.3,0.3,0.5,1.5
Jeff Dowtin,MIL,1,0,3,0,1,0,0,1,0,0,0,,0,0,0,,0,0,0,0,0,0,0,0,0
Jeff Dowtin,ORL,4,0,19.3,1.3,4.8,0.263,0.3,1.8,0.143,1,3,0.333,0.289,0.5,0.5,1,1.8,1,2.8,1.8,1.3,0,1,0.8,3.3
PJ Dozier,DEN,18,0,18.9,2,5.5,0.364,0.8,2.7,0.313,1.2,2.8,0.412,0.439,0.6,0.7,0.769,0.8,2.7,3.5,1.6,0.6,0.3,0.7,1.8,5.4
Goran Dragić,TOT,21,8,23.7,2.7,7.2,0.377,0.8,3,0.254,2,4.2,0.466,0.43,1.3,1.6,0.818,0.6,2.5,3.1,4.1,0.9,0.2,1.6,2.1,7.5
Goran Dragić,TOR,5,2,18,2.6,6.8,0.382,0.8,2.8,0.286,1.8,4,0.45,0.441,2,2,1,0.4,2.4,2.8,1.8,1,0.2,0.2,1.6,8
Goran Dragić,BRK,16,6,25.5,2.8,7.3,0.376,0.8,3.1,0.245,2,4.3,0.471,0.427,1.1,1.4,0.739,0.7,2.5,3.2,4.8,0.9,0.2,2.1,2.3,7.3
Andre Drummond,TOT,73,36,19.7,3.4,5.9,0.57,0,0,0,3.4,5.9,0.574,0.57,1.2,2.2,0.524,3.1,6.2,9.3,1.8,1.1,0.9,1.6,2.6,7.9
Andre Drummond,PHI,49,12,18.4,2.6,4.9,0.538,0,0,0,2.6,4.8,0.542,0.538,0.9,1.7,0.512,2.8,6.1,8.8,2,1.1,0.9,1.6,2.5,6.1
Andre Drummond,BRK,24,24,22.3,5,8.1,0.61,0,0,0,5,8.1,0.613,0.61,1.8,3.4,0.537,3.9,6.4,10.3,1.4,0.9,1,1.5,3,11.8
Chris Duarte,IND,55,39,28,4.9,11.3,0.432,1.7,4.6,0.369,3.2,6.7,0.475,0.507,1.6,2,0.804,0.7,3.4,4.1,2.1,1,0.2,1.6,1.7,13.1
David Duke Jr.,BRK,22,7,15.5,1.8,4.9,0.361,0.4,1.7,0.243,1.4,3.2,0.423,0.403,0.8,1,0.81,1.4,1.7,3,0.8,0.6,0.3,0.4,1.6,4.7
Kris Dunn,POR,14,3,24,3.1,7.3,0.431,0.1,0.8,0.091,3.1,6.5,0.473,0.436,1.2,1.3,0.944,0.6,2.9,3.5,5.6,1.6,0.2,2.3,2.7,7.6
Kevin Durant,BRK,55,55,37.2,10.5,20.3,0.518,2.1,5.5,0.383,8.4,14.8,0.568,0.57,6.8,7.4,0.91,0.5,6.9,7.4,6.4,0.9,0.9,3.5,2.1,29.9
Jaime Echenique,WAS,1,0,3,0,0,,0,0,,0,0,,,0,0,,0,0,0,0,0,0,0,0,0
Anthony Edwards,MIN,72,72,34.3,7.6,17.3,0.441,3,8.4,0.357,4.6,8.9,0.519,0.527,3.1,3.9,0.786,0.9,3.9,4.8,3.8,1.5,0.6,2.6,2.3,21.3
Carsen Edwards,DET,4,0,19.8,2.3,7.5,0.3,1,4,0.25,1.3,3.5,0.357,0.367,0.3,0.3,1,0.5,1,1.5,3.5,0.5,0,1.3,1,5.8
Kessler Edwards,BRK,48,23,20.6,2.3,5.6,0.412,1,2.8,0.353,1.3,2.7,0.473,0.502,0.3,0.4,0.842,0.9,2.7,3.6,0.6,0.6,0.5,0.9,1.8,5.9
Rob Edwards,OKC,2,0,5.5,0.5,2,0.25,0.5,2,0.25,0,0,,0.375,0,0,,0,1.5,1.5,0,0,0,0.5,0,1.5
CJ Elleby,POR,58,28,20.2,2.1,5.3,0.393,0.6,2.2,0.294,1.4,3.1,0.462,0.453,1,1.4,0.714,1.1,2.8,3.9,1.5,0.6,0.3,1,2,5.8
Wayne Ellington,LAL,43,9,18.8,2.3,5.5,0.414,1.9,4.9,0.389,0.4,0.6,0.615,0.586,0.2,0.3,0.818,0.2,1.6,1.8,0.7,0.5,0.1,0.4,1,6.7
Joel Embiid,PHI,68,68,33.8,9.8,19.6,0.499,1.4,3.7,0.371,8.4,15.9,0.529,0.534,9.6,11.8,0.814,2.1,9.6,11.7,4.2,1.1,1.5,3.1,2.7,30.6
James Ennis III,TOT,7,0,8,1.6,3.4,0.458,0.4,1.1,0.375,1.1,2.3,0.5,0.521,0.6,0.7,0.8,0.7,1,1.7,0.4,0.3,0.3,0.3,0.7,4.1
James Ennis III,BRK,2,0,7,1,3.5,0.286,0.5,1,0.5,0.5,2.5,0.2,0.357,0,0,,1,1.5,2.5,0,0.5,0.5,0,0,2.5
James Ennis III,LAC,2,0,14,3.5,5.5,0.636,1,2,0.5,2.5,3.5,0.714,0.727,2,2,1,1,1.5,2.5,0,0.5,0.5,0.5,2,10
James Ennis III,DEN,3,0,4.7,0.7,2,0.333,0,0.7,0,0.7,1.3,0.5,0.333,0,0.3,0,0.3,0.3,0.7,1,0,0,0.3,0.3,1.3
Drew Eubanks,TOT,71,31,17.5,3.1,5.2,0.596,0.1,0.3,0.217,3,4.9,0.621,0.602,1.4,1.8,0.762,1.8,3.5,5.4,1.2,0.4,0.6,1.1,1.7,7.7
Drew Eubanks,SAS,49,9,12.1,1.7,3.2,0.528,0,0.2,0.125,1.7,3.1,0.55,0.531,1.2,1.6,0.747,1.3,2.7,4,1,0.3,0.6,0.9,1.2,4.7
Drew Eubanks,POR,22,22,29.5,6.2,9.6,0.646,0.2,0.7,0.267,6,9,0.675,0.656,1.8,2.3,0.784,3,5.5,8.5,1.6,0.8,0.5,1.6,2.8,14.5
Tacko Fall,CLE,11,1,5.4,0.5,1.1,0.417,0,0,,0.5,1.1,0.417,0.417,0.2,0.6,0.286,0.6,1.5,2.1,0.2,0,0.5,0.3,0.3,1.1
Derrick Favors,OKC,39,18,16.7,2.4,4.7,0.516,0.1,0.4,0.125,2.4,4.3,0.554,0.522,0.4,0.6,0.64,1.5,3.2,4.7,0.6,0.4,0.3,0.2,1.6,5.3
Bruno Fernando,TOT,30,0,5.1,1.2,1.8,0.655,0,0.1,0.5,1.2,1.8,0.66,0.664,0.5,0.8,0.625,0.6,1.2,1.8,0.2,0,0.4,0.5,0.8,2.9
Bruno Fernando,BOS,20,0,2.9,0.4,0.7,0.5,0.1,0.1,1,0.3,0.7,0.462,0.536,0.2,0.3,0.8,0.4,0.4,0.8,0.2,0,0.2,0.3,0.3,1
Bruno Fernando,HOU,10,0,9.4,2.9,4.1,0.707,0,0.1,0,2.9,4,0.725,0.707,1.1,1.9,0.579,1.1,2.9,4,0.3,0.1,0.8,0.9,1.8,6.9
Dorian Finney-Smith,DAL,80,80,33.1,4.1,8.7,0.471,2.2,5.4,0.395,1.9,3.2,0.599,0.595,0.7,1,0.675,1.5,3.2,4.7,1.9,1.1,0.5,1,2.3,11
Malik Fitts,TOT,15,0,4.2,0.5,1.3,0.421,0.3,0.7,0.5,0.2,0.6,0.333,0.553,0,0,,0.1,1,1.1,0.3,0,0,0.1,0.3,1.4
Malik Fitts,UTA,7,0,5,0.3,1.3,0.222,0.3,0.6,0.5,0,0.7,0,0.333,0,0,,0,1.4,1.4,0,0,0,0.3,0.4,0.9
Malik Fitts,BOS,8,0,3.5,0.8,1.3,0.6,0.4,0.8,0.5,0.4,0.5,0.75,0.75,0,0,,0.3,0.6,0.9,0.6,0,0,0,0.1,1.9
Malachi Flynn,TOR,44,5,12.2,1.6,4.2,0.393,0.7,2,0.333,1,2.1,0.452,0.475,0.3,0.5,0.625,0.2,1.2,1.4,1.6,0.5,0.1,0.3,1,4.3
Bryn Forbes,TOT,75,2,17.1,3.1,7.2,0.429,1.6,3.9,0.414,1.5,3.3,0.447,0.542,1.1,1.2,0.908,0.1,1.1,1.2,1,0.3,0.1,0.7,1.3,8.8
Bryn Forbes,SAS,40,1,16.9,3.2,7.4,0.432,1.6,3.8,0.417,1.6,3.6,0.448,0.539,1.1,1.2,0.898,0.1,1.5,1.6,1,0.4,0.1,0.8,1.1,9.1
Bryn Forbes,DEN,35,1,17.4,2.9,6.9,0.424,1.7,4.1,0.41,1.3,2.8,0.444,0.545,1,1.1,0.921,0.2,0.7,0.9,1,0.2,0.1,0.7,1.5,8.6
Aleem Ford,ORL,5,0,14.8,1.2,4,0.3,0.4,3,0.133,0.8,1,0.8,0.35,0,0,,0.4,2.6,3,0.4,0.2,0,0.8,1.4,2.8
Trent Forrest,UTA,60,6,12.8,1.3,2.6,0.49,0.1,0.5,0.185,1.2,2.1,0.555,0.506,0.6,0.8,0.792,0.4,1.3,1.7,1.8,0.5,0.1,0.8,0.7,3.3
Evan Fournier,NYK,80,80,29.5,5,12.1,0.417,3,7.7,0.389,2,4.3,0.465,0.541,1,1.4,0.708,0.4,2.2,2.6,2.1,1,0.3,1.3,2.3,14.1
De'Aaron Fox,SAC,59,59,35.3,8.7,18.5,0.473,1.3,4.2,0.297,7.5,14.3,0.524,0.506,4.4,5.9,0.75,0.4,3.5,3.9,5.6,1.2,0.4,2.8,2.9,23.2
Melvin Frazier,OKC,3,0,40,4.3,16,0.271,0.3,7,0.048,4,9,0.444,0.281,1.7,2.3,0.714,1.7,2.7,4.3,0.3,0.3,0,1,2.7,10.7
Tim Frazier,TOT,12,3,17.3,1.2,3.8,0.311,0.5,1.4,0.353,0.7,2.3,0.286,0.378,0.4,0.8,0.556,0.4,1.2,1.6,2.8,0.3,0.1,1.3,2.3,3.3
Tim Frazier,ORL,10,3,20,1.3,4.3,0.302,0.6,1.7,0.353,0.7,2.6,0.269,0.372,0.5,0.9,0.556,0.5,1.4,1.9,3.3,0.3,0.1,1.3,2.4,3.7
Tim Frazier,CLE,2,0,4,0.5,1,0.5,0,0,,0.5,1,0.5,0.5,0,0,,0,0,0,0.5,0,0,1,1.5,1
Enes Freedom,BOS,35,1,11.7,1.5,2.8,0.526,0.1,0.1,0.4,1.4,2.6,0.533,0.536,0.7,0.8,0.857,1.7,2.8,4.6,0.2,0.1,0.4,0.6,1.2,3.7
Markelle Fultz,ORL,18,3,20,4.6,9.7,0.474,0.2,0.9,0.235,4.4,8.8,0.5,0.486,1.4,1.7,0.806,0.2,2.5,2.7,5.5,1.1,0.3,2.2,1.2,10.8
Wenyen Gabriel,TOT,26,5,13.8,2.1,4.2,0.491,0.3,1.1,0.286,1.8,3.2,0.561,0.527,1,1.6,0.595,1.5,2.2,3.7,0.5,0.2,0.4,0.6,2.6,5.4
Wenyen Gabriel,BRK,1,0,1,0,0,,0,0,,0,0,,,0,0,,0,1,1,0,0,0,0,0,0
Wenyen Gabriel,LAC,6,0,7.7,0.8,2.2,0.385,0.3,0.8,0.4,0.5,1.3,0.375,0.462,0.3,0.7,0.5,0.8,1.5,2.3,0.3,0.2,0.3,0.5,1.8,2.3
Wenyen Gabriel,LAL,19,5,16.4,2.6,5.1,0.505,0.3,1.2,0.261,2.3,3.9,0.581,0.536,1.2,2,0.605,1.8,2.5,4.3,0.6,0.2,0.5,0.7,3,6.7
Daniel Gafford,WAS,72,53,20.1,4,5.7,0.693,0,0,0,4,5.7,0.695,0.693,1.5,2.1,0.699,2.2,3.5,5.7,0.9,0.4,1.4,0.9,2.4,9.4
Danilo Gallinari,ATL,66,18,25.3,3.9,9,0.434,1.7,4.5,0.381,2.2,4.6,0.485,0.528,2.1,2.4,0.904,0.5,4.1,4.7,1.5,0.4,0.2,0.6,1.4,11.7
Langston Galloway,TOT,7,0,15.3,0.9,3.7,0.231,0.3,2.3,0.125,0.6,1.4,0.4,0.269,0,0,,0.4,2.1,2.6,1.7,0.1,0,0.9,1,2
Langston Galloway,BRK,4,0,14.5,1.3,3.3,0.385,0.5,2,0.25,0.8,1.3,0.6,0.462,0,0,,0.3,1.8,2,1.3,0,0,1.3,1.3,3
Langston Galloway,MIL,3,0,16.3,0.3,4.3,0.077,0,2.7,0,0.3,1.7,0.2,0.077,0,0,,0.7,2.7,3.3,2.3,0.3,0,0.3,0.7,0.7
Darius Garland,CLE,68,68,35.7,8,17.3,0.462,2.6,6.7,0.383,5.4,10.6,0.512,0.536,3.2,3.5,0.892,0.6,2.7,3.3,8.6,1.3,0.1,3.6,1.7,21.7
Marcus Garrett,MIA,12,0,10.7,0.4,1.8,0.238,0.1,0.3,0.25,0.3,1.4,0.235,0.262,0.2,0.4,0.4,0.8,1.2,1.9,0.6,0.4,0.3,0.2,1.3,1.1
Usman Garuba,HOU,24,2,10,0.8,1.8,0.432,0.2,0.8,0.25,0.6,1,0.583,0.489,0.2,0.3,0.714,0.9,2.6,3.5,0.7,0.4,0.5,0.3,1.2,2
Luka Garza,DET,32,5,12.2,2.1,4.6,0.449,0.5,1.5,0.327,1.6,3.1,0.51,0.503,1.2,1.9,0.623,1.8,1.3,3.1,0.6,0.3,0.2,0.6,1.7,5.8
Rudy Gay,UTA,55,1,18.9,2.9,6.9,0.414,1.3,3.7,0.345,1.6,3.2,0.494,0.507,1.1,1.4,0.785,1,3.4,4.4,1,0.5,0.3,0.9,1.7,8.1
Paul George,LAC,31,31,34.7,8.6,20.5,0.421,2.9,8.3,0.354,5.7,12.2,0.467,0.493,4.1,4.8,0.858,0.4,6.5,6.9,5.7,2.2,0.4,4.1,2.4,24.3
Taj Gibson,NYK,52,4,18.2,1.7,3.2,0.518,0.3,0.7,0.395,1.4,2.5,0.555,0.563,0.8,1,0.808,1.7,2.7,4.4,0.6,0.4,0.8,0.5,2.6,4.4
Josh Giddey,OKC,54,54,31.5,5.2,12.4,0.419,1,3.9,0.263,4.2,8.5,0.492,0.461,1,1.5,0.709,1.8,6,7.8,6.4,0.9,0.4,3.2,1.6,12.5
Shai Gilgeous-Alexander,OKC,56,56,34.7,8.5,18.8,0.453,1.6,5.3,0.3,6.9,13.5,0.514,0.496,5.9,7.2,0.81,0.7,4.3,5,5.9,1.3,0.8,2.8,2.5,24.5
Anthony Gill,WAS,44,0,10.5,1.4,2.5,0.569,0.3,0.6,0.538,1.1,1.9,0.578,0.633,1,1.2,0.808,0.8,1.2,1.9,0.6,0.1,0.3,0.4,1.3,4.1
Freddie Gillespie,ORL,9,2,13.2,1,2.4,0.409,0,0.1,0,1,2.3,0.429,0.409,0.3,0.8,0.429,1.4,2.6,4,0.6,0.3,1,0.6,2,2.3
Rudy Gobert,UTA,66,66,32.1,5.5,7.7,0.713,0,0.1,0,5.5,7.6,0.718,0.713,4.6,6.7,0.69,3.7,11,14.7,1.1,0.7,2.1,1.8,2.7,15.6
Brandon Goodwin,CLE,36,5,13.9,1.8,4.3,0.416,0.5,1.5,0.345,1.3,2.8,0.455,0.477,0.7,1.1,0.632,0.4,1.5,1.9,2.5,0.7,0,1,1.1,4.8
Jordan Goodwin,WAS,2,0,3,0,1.5,0,0,0.5,0,0,1,0,0,0,0,,0,0.5,0.5,0,0,0,0,0.5,0
Aaron Gordon,DEN,75,75,31.7,5.8,11.1,0.52,1.2,3.5,0.335,4.6,7.7,0.605,0.573,2.3,3.1,0.743,1.7,4.2,5.9,2.5,0.6,0.6,1.8,2,15
Eric Gordon,HOU,57,46,29.3,4.7,9.9,0.475,2.2,5.3,0.412,2.5,4.6,0.548,0.585,1.8,2.4,0.778,0.3,1.7,2,2.7,0.5,0.3,1.9,1.1,13.4
Devonte' Graham,NOP,76,63,28.4,3.9,10.7,0.363,2.5,7.4,0.341,1.4,3.3,0.413,0.481,1.6,1.8,0.843,0.5,1.8,2.3,4.2,0.9,0.2,1.4,1.3,11.9
Jerami Grant,DET,47,47,31.9,6.3,14.9,0.426,1.9,5.4,0.358,4.4,9.5,0.465,0.491,4.6,5.5,0.838,0.6,3.5,4.1,2.4,0.9,1,1.8,2.3,19.2
Hassani Gravett,ORL,8,3,21.4,2.3,4.8,0.474,1.4,3.3,0.423,0.9,1.5,0.583,0.618,0.4,0.5,0.75,0.1,2.5,2.6,2.5,0.6,0.1,1.1,1.6,6.3
Danny Green,PHI,62,28,21.8,2,5.2,0.394,1.7,4.4,0.38,0.4,0.8,0.469,0.555,0.2,0.2,0.786,0.5,2,2.5,1,1,0.6,0.7,1.7,5.9
Draymond Green,GSW,46,44,28.9,2.9,5.6,0.525,0.3,1.2,0.296,2.6,4.4,0.586,0.556,1.3,2,0.659,1,6.3,7.3,7,1.3,1.1,3,3,7.5
Jalen Green,HOU,67,67,31.9,6.1,14.2,0.426,2.3,6.8,0.343,3.7,7.4,0.502,0.508,2.8,3.5,0.797,0.5,2.9,3.4,2.6,0.7,0.3,2,1.5,17.3
JaMychal Green,DEN,67,8,16.2,2.4,4.9,0.486,0.5,1.9,0.266,1.9,3,0.621,0.537,1.2,1.4,0.871,1.2,3,4.2,0.9,0.6,0.4,0.9,2.4,6.4
Javonte Green,CHI,65,45,23.4,2.7,5,0.542,0.6,1.6,0.356,2.2,3.4,0.625,0.597,1.2,1.5,0.833,1.4,2.8,4.2,0.9,1,0.5,0.5,2,7.2
Jeff Green,DEN,75,63,24.7,3.7,7.1,0.524,0.7,2.2,0.315,3,4.8,0.62,0.574,2.2,2.6,0.833,0.5,2.5,3.1,1.3,0.4,0.4,0.9,2,10.3
Josh Green,DAL,67,3,15.5,1.9,3.8,0.508,0.4,1.2,0.359,1.5,2.7,0.573,0.563,0.5,0.7,0.689,0.8,1.6,2.4,1.2,0.7,0.2,0.7,1.7,4.8
Blake Griffin,BRK,56,24,17.1,2.4,5.6,0.425,0.7,2.6,0.262,1.7,3,0.565,0.486,1,1.4,0.724,1.1,3,4.1,1.9,0.5,0.3,0.6,1.7,6.4
Quentin Grimes,NYK,46,6,17.1,2.1,5.1,0.404,1.6,4.1,0.381,0.5,1,0.5,0.557,0.3,0.4,0.684,0.5,1.5,2,1,0.7,0.2,0.6,1.6,6
Kyle Guy,MIA,19,0,9.8,1.4,3.4,0.4,0.7,2.1,0.35,0.6,1.3,0.48,0.508,0.4,0.6,0.667,0.2,0.7,0.9,0.9,0.4,0.1,0.7,0.6,3.9
Rui Hachimura,WAS,42,13,22.5,4.5,9.1,0.491,1.3,2.9,0.447,3.1,6.1,0.512,0.563,1.1,1.6,0.697,0.6,3.2,3.8,1.1,0.5,0.2,0.8,1.3,11.3
Tyrese Haliburton,TOT,77,77,35,5.6,11.8,0.473,2.1,5.1,0.414,3.5,6.8,0.517,0.562,2.1,2.5,0.842,0.8,3.2,4,8.2,1.7,0.6,2.6,1.6,15.3
Tyrese Haliburton,SAC,51,51,34.5,5.3,11.5,0.457,2,4.9,0.413,3.2,6.5,0.491,0.546,1.7,2,0.837,0.8,3.1,3.9,7.4,1.7,0.7,2.3,1.4,14.3
Tyrese Haliburton,IND,26,26,36.1,6.2,12.4,0.502,2.2,5.3,0.416,4,7.2,0.565,0.59,2.8,3.3,0.849,0.8,3.5,4.3,9.6,1.8,0.6,3.2,1.9,17.5
Tyler Hall,NYK,1,0,2,0,0,,0,0,,0,0,,,0,0,,0,0,0,0,0,0,0,0,0
R.J. Hampton,ORL,64,14,21.9,2.7,7.1,0.383,1,2.9,0.35,1.7,4.3,0.405,0.453,1.2,1.8,0.641,0.4,2.7,3,2.5,0.7,0.2,1.4,1.6,7.6
Tim Hardaway Jr.,DAL,42,20,29.6,5,12.6,0.394,2.4,7.2,0.336,2.5,5.4,0.473,0.491,1.9,2.5,0.757,0.3,3.4,3.7,2.2,0.9,0.1,0.8,1.8,14.2
James Harden,TOT,65,65,37.2,6.3,15.3,0.41,2.3,6.9,0.33,4,8.4,0.476,0.485,7.2,8.2,0.877,0.8,6.8,7.7,10.3,1.3,0.6,4.4,2.4,22
James Harden,BRK,44,44,37,6.6,16,0.414,2.3,7,0.332,4.3,9.1,0.476,0.486,6.9,8,0.869,1,7,8,10.2,1.3,0.7,4.8,2.4,22.5
James Harden,PHI,21,21,37.7,5.5,13.6,0.402,2.2,6.7,0.326,3.3,6.9,0.476,0.483,7.9,8.9,0.892,0.6,6.5,7.1,10.5,1.2,0.2,3.4,2.3,21
Maurice Harkless,SAC,47,24,18.4,1.8,3.9,0.459,0.7,2.1,0.307,1.1,1.7,0.65,0.544,0.4,0.6,0.714,0.3,2.1,2.4,0.5,0.6,0.5,0.7,1.6,4.6
Jared Harper,NOP,5,0,8.6,2.8,5.2,0.538,1,2.4,0.417,1.8,2.8,0.643,0.635,0.8,0.8,1,0.4,0,0.4,2.8,0.8,0.2,0.4,1,7.4
Montrezl Harrell,TOT,71,3,23.1,5,7.8,0.645,0.1,0.2,0.235,5,7.6,0.658,0.649,3,4.2,0.716,2.1,4,6.1,2,0.4,0.6,1,1.9,13.1
Montrezl Harrell,WAS,46,3,24.3,5.4,8.3,0.645,0.1,0.3,0.267,5.3,8,0.66,0.65,3.2,4.5,0.727,2.1,4.6,6.7,2.1,0.4,0.7,1.1,1.9,14.1
Montrezl Harrell,CHO,25,0,21,4.4,6.9,0.645,0,0.1,0,4.4,6.8,0.653,0.645,2.5,3.6,0.692,2.1,2.8,4.9,2,0.4,0.5,0.9,2,11.4
Gary Harris,ORL,61,30,28.4,3.9,9.1,0.434,1.9,5,0.384,2,4.1,0.494,0.539,1.4,1.6,0.874,0.6,1.4,2,1.8,1,0.1,1,1.8,11.1
Joe Harris,BRK,14,14,30.2,4,8.9,0.452,2.9,6.3,0.466,1.1,2.6,0.417,0.617,0.4,0.4,0.833,0.4,3.6,4,1,0.5,0.1,1.1,2.2,11.3
Tobias Harris,PHI,73,73,34.8,6.8,14,0.482,1.4,3.8,0.367,5.4,10.2,0.525,0.532,2.3,2.8,0.842,1.1,5.7,6.8,3.5,0.6,0.6,1.6,2.2,17.2
Shaquille Harrison,BRK,2,0,11.5,1,3,0.333,0,1,0,1,2,0.5,0.333,0,0,,0.5,1.5,2,1.5,0.5,0.5,1,1.5,2
Josh Hart,TOT,54,53,33.2,5.3,10.5,0.504,1.4,3.9,0.343,4,6.6,0.601,0.569,3,3.9,0.758,1.1,6,7.2,4.1,1.1,0.2,2.1,2.8,14.9
Josh Hart,NOP,41,40,33.5,4.8,9.4,0.505,1,3.2,0.323,3.7,6.2,0.598,0.56,2.8,3.8,0.753,1.3,6.5,7.8,4.1,1.1,0.3,2,2.9,13.4
Josh Hart,POR,13,13,32.1,7.1,14.1,0.503,2.4,6.4,0.373,4.7,7.7,0.61,0.587,3.4,4.4,0.772,0.7,4.7,5.4,4.3,1.2,0.2,2.5,2.5,19.9
Isaiah Hartenstein,LAC,68,0,17.9,3.4,5.4,0.626,0.2,0.4,0.467,3.2,4.9,0.64,0.645,1.3,1.9,0.689,1.7,3.2,4.9,2.4,0.7,1.1,1.2,2.5,8.3
Udonis Haslem,MIA,13,0,6.4,1.1,2.4,0.452,0.1,0.3,0.25,1,2.1,0.481,0.468,0.2,0.2,1,0.3,1.6,1.9,0.3,0.1,0.1,0.4,1.2,2.5
Sam Hauser,BOS,26,0,6.1,0.9,1.9,0.46,0.7,1.7,0.432,0.2,0.2,0.667,0.65,0,0,,0.2,0.9,1.1,0.4,0,0.1,0.1,0.3,2.5
Jaxson Hayes,NOP,70,28,20,3.5,5.7,0.616,0.3,0.8,0.351,3.2,4.9,0.66,0.641,2.1,2.7,0.766,1.6,2.9,4.5,0.6,0.5,0.8,0.8,2.2,9.3
Killian Hayes,DET,66,40,25,2.7,7,0.383,0.7,2.5,0.263,2,4.4,0.452,0.431,0.9,1.1,0.77,0.5,2.6,3.2,4.2,1.2,0.5,1.7,2.8,6.9
Gordon Hayward,CHO,49,48,31.9,5.8,12.6,0.459,1.8,4.5,0.391,4,8.1,0.496,0.528,2.6,3,0.846,0.8,3.8,4.6,3.6,1,0.4,1.7,1.7,15.9
Aaron Henry,PHI,6,0,2.8,0.2,0.8,0.2,0,0.2,0,0.2,0.7,0.25,0.2,0,0,,0,0.2,0.2,0,0,0.3,0.3,0.3,0.3
Juancho Hernangómez,TOT,40,9,11.1,1.1,2.7,0.415,0.6,1.7,0.348,0.5,0.9,0.541,0.528,0.5,0.9,0.559,0.7,1.8,2.5,0.5,0.4,0.3,0.4,0.6,3.3
Juancho Hernangómez,BOS,18,0,5.3,0.3,1.5,0.185,0.2,1,0.167,0.1,0.5,0.222,0.241,0.3,0.5,0.667,0.5,0.9,1.4,0.2,0.2,0.1,0.3,0.4,1.1
Juancho Hernangómez,SAS,5,0,10.2,0.4,1.2,0.333,0,0.6,0,0.4,0.6,0.667,0.333,0.6,0.8,0.75,0.8,2.2,3,0.6,0.2,0.2,0.4,0,1.4
Juancho Hernangómez,UTA,17,9,17.5,2.2,4.3,0.507,1.2,2.8,0.438,0.9,1.5,0.64,0.651,0.6,1.2,0.476,0.9,2.6,3.5,0.8,0.5,0.4,0.5,1.1,6.2
Willy Hernangómez,NOP,50,8,16.8,3.4,6.5,0.52,0.1,0.2,0.333,3.3,6.3,0.527,0.526,2.2,2.8,0.773,2.9,3.9,6.8,1.3,0.4,0.4,1,1.9,9.1
Tyler Herro,MIA,66,10,32.6,7.6,17,0.447,2.7,6.7,0.399,4.9,10.3,0.477,0.525,2.9,3.3,0.868,0.5,4.5,5,4,0.7,0.1,2.6,1.4,20.7
Buddy Hield,TOT,81,32,30.9,5.5,13.6,0.406,3.2,8.8,0.366,2.3,4.7,0.482,0.526,1.4,1.6,0.874,0.8,3.5,4.4,2.8,0.9,0.3,1.9,2.3,15.6
Buddy Hield,SAC,55,6,28.6,4.8,12.6,0.382,3.3,9,0.368,1.5,3.6,0.419,0.514,1.5,1.7,0.87,0.8,3.2,4,1.9,0.9,0.3,1.6,2.1,14.4
Buddy Hield,IND,26,26,35.6,7,15.6,0.447,3.1,8.5,0.362,3.9,7.1,0.549,0.546,1.2,1.3,0.886,0.9,4.2,5.1,4.8,1,0.4,2.4,2.7,18.2
Haywood Highsmith,MIA,19,1,8.6,0.8,2.4,0.348,0.5,1.5,0.321,0.4,0.9,0.389,0.446,0.1,0.3,0.4,0.5,0.8,1.4,0.3,0.1,0.2,0.2,0.7,2.3
George Hill,MIL,54,17,23.2,2.2,5.1,0.429,0.8,2.5,0.306,1.4,2.6,0.546,0.504,1.1,1.1,0.919,0.7,2.2,2.9,2.2,0.8,0.1,0.8,1.3,6.2
Malcolm Hill,TOT,19,0,11.2,1.3,2.7,0.462,0.7,1.9,0.361,0.6,0.8,0.688,0.587,0.6,0.7,0.786,0.6,1.3,1.8,0.4,0.4,0.2,0.2,1.3,3.8
Malcolm Hill,ATL,3,0,15.3,1.7,2.7,0.625,1,1.7,0.6,0.7,1,0.667,0.813,1.3,1.3,1,0.7,1.3,2,0.3,1.3,0.3,0,2.3,5.7
Malcolm Hill,CHI,16,0,10.4,1.2,2.8,0.432,0.6,1.9,0.323,0.6,0.8,0.692,0.545,0.4,0.6,0.7,0.6,1.3,1.8,0.4,0.2,0.1,0.2,1.1,3.4
Solomon Hill,ATL,13,1,10.7,0.2,1.5,0.15,0.2,1,0.154,0.1,0.5,0.143,0.2,0,0,,0.5,1.3,1.8,0.9,0.3,0.2,0.1,1.2,0.6
Nate Hinton,IND,2,0,1,0,0.5,0,0,0,,0,0.5,0,0,0,0,,0,0,0,0,0,0,0.5,0,0
Jaylen Hoard,OKC,7,5,34.3,6.3,12.9,0.489,1.3,3.6,0.36,5,9.3,0.538,0.539,0.9,2,0.429,4.3,7.7,12,2.4,0.9,0.7,1.1,2,14.7
Aaron Holiday,TOT,63,15,16.2,2.4,5.4,0.447,0.6,1.6,0.379,1.8,3.7,0.477,0.504,0.9,1.1,0.868,0.4,1.6,1.9,2.4,0.7,0.1,1.1,1.5,6.3
Aaron Holiday,WAS,41,14,16.2,2.4,5.2,0.467,0.6,1.6,0.343,1.9,3.6,0.524,0.521,0.7,0.9,0.8,0.2,1.4,1.6,1.9,0.6,0.2,1,1.5,6.1
Aaron Holiday,PHO,22,1,16.3,2.3,5.6,0.411,0.7,1.6,0.444,1.6,4,0.398,0.476,1.4,1.5,0.939,0.7,1.8,2.5,3.4,0.8,0,1.3,1.5,6.8
Jrue Holiday,MIL,67,64,32.9,7.1,14.2,0.501,2,4.8,0.411,5.2,9.4,0.547,0.57,2,2.7,0.761,1,3.5,4.5,6.8,1.6,0.4,2.7,2,18.3
Justin Holiday,TOT,74,65,27.8,3.5,8.9,0.394,2.4,6.5,0.367,1.1,2.4,0.467,0.528,0.7,0.8,0.806,0.4,2.2,2.6,1.7,0.8,0.4,0.9,2.1,10.1
Justin Holiday,IND,49,40,28.9,3.9,9.3,0.415,2.6,6.9,0.378,1.3,2.5,0.516,0.553,0.7,0.8,0.829,0.4,2.4,2.8,1.8,0.7,0.4,1,2.1,11
Justin Holiday,SAC,25,25,25.6,2.8,8.2,0.348,2,5.8,0.342,0.8,2.3,0.362,0.471,0.6,0.8,0.762,0.4,1.8,2.2,1.5,0.8,0.6,0.8,2,8.3
Richaun Holmes,SAC,45,37,23.9,4.4,6.7,0.66,0,0.1,0.4,4.4,6.6,0.664,0.663,1.6,2,0.778,2.1,5,7,1.1,0.4,0.9,1.2,2.8,10.4
Rodney Hood,TOT,52,0,13.6,1.1,3,0.369,0.6,1.8,0.33,0.5,1.3,0.424,0.465,0.3,0.4,0.895,0.3,1.2,1.5,0.7,0.3,0.1,0.2,0.6,3.1
Rodney Hood,MIL,39,0,14.9,1.2,3.4,0.351,0.6,2.1,0.3,0.6,1.3,0.431,0.443,0.3,0.4,0.929,0.3,1.4,1.7,0.8,0.3,0.1,0.2,0.7,3.3
Rodney Hood,LAC,13,0,9.8,0.9,2,0.462,0.5,0.8,0.545,0.5,1.2,0.4,0.577,0.3,0.4,0.8,0.2,0.6,0.8,0.6,0.2,0.2,0.3,0.3,2.6
Scotty Hopson,OKC,1,0,18,2,4,0.5,0,1,0,2,3,0.667,0.5,0,0,,0,1,1,1,0,0,2,1,4
Al Horford,BOS,69,69,29.1,3.9,8.2,0.467,1.3,3.8,0.336,2.6,4.4,0.582,0.546,1.2,1.4,0.842,1.6,6.1,7.7,3.4,0.7,1.3,0.9,1.9,10.2
Talen Horton-Tucker,LAL,60,19,25.2,3.7,9,0.416,0.8,3,0.269,2.9,5.9,0.492,0.462,1.7,2.1,0.8,0.6,2.6,3.2,2.7,1,0.5,1.4,2.5,10
Danuel House Jr.,TOT,42,7,17.3,1.9,4.7,0.404,1,2.8,0.376,0.9,1.9,0.444,0.515,1,1.4,0.759,0.4,2.2,2.6,1,0.5,0.4,0.8,1.2,5.9
Danuel House Jr.,HOU,16,1,14.6,1.6,4.6,0.338,0.6,2.1,0.294,0.9,2.5,0.375,0.405,1.1,1.2,0.895,0.3,2.4,2.7,1.2,0.3,0.3,1.1,1,4.8
Danuel House Jr.,NYK,1,0,3,0,1,0,0,1,0,0,0,,0,0,0,,0,0,0,0,0,0,0,0,0
Danuel House Jr.,UTA,25,6,19.6,2.2,4.9,0.447,1.4,3.3,0.415,0.8,1.6,0.512,0.585,1.1,1.6,0.692,0.6,2.2,2.7,1,0.6,0.5,0.6,1.4,6.8
Dwight Howard,LAL,60,27,16.2,2.2,3.7,0.612,0.1,0.3,0.533,2.1,3.4,0.618,0.63,1.6,2.4,0.658,2,4,5.9,0.6,0.6,0.6,0.8,1.9,6.2
Markus Howard,DEN,31,0,5.7,1.3,3.3,0.386,0.9,2.3,0.4,0.4,1,0.355,0.525,0.6,0.7,0.87,0.1,0.3,0.4,0.2,0.3,0,0.2,0.5,4.1
Kevin Huerter,ATL,74,60,29.6,4.7,10.3,0.454,2.2,5.6,0.389,2.5,4.7,0.53,0.559,0.6,0.7,0.808,0.4,3,3.4,2.7,0.7,0.4,1.2,2.5,12.1
Jay Huff,LAL,4,0,5,0,0.8,0,0,0.5,0,0,0.3,0,0,0,0,,0.3,0.8,1,0.3,0.3,0.3,0.3,0.3,0
Elijah Hughes,TOT,36,4,12.1,1.3,4,0.326,0.7,2.6,0.263,0.6,1.4,0.449,0.413,0.2,0.3,0.778,0.2,1.4,1.6,0.6,0.4,0.2,0.5,1.1,3.5
Elijah Hughes,UTA,14,1,8,1.1,2.6,0.417,0.7,2,0.357,0.4,0.6,0.625,0.556,0.2,0.2,1,0.1,1.1,1.2,0.4,0.3,0.1,0.5,0.5,3.1
Elijah Hughes,POR,22,3,14.6,1.5,4.9,0.296,0.7,3,0.224,0.8,1.9,0.415,0.366,0.2,0.3,0.667,0.2,1.7,1.9,0.7,0.5,0.3,0.5,1.5,3.8
Feron Hunt,NYK,2,0,4,0,1,0,0,0,,0,1,0,0,0,0,,0.5,0,0.5,0.5,0.5,0,0.5,0.5,0
De'Andre Hunter,ATL,53,52,29.8,4.8,10.8,0.442,1.4,3.7,0.379,3.4,7.2,0.474,0.506,2.4,3.1,0.765,0.5,2.8,3.3,1.3,0.7,0.4,1.3,2.9,13.4
Chandler Hutchison,PHO,6,0,3.7,0.2,0.3,0.5,0,0,,0.2,0.3,0.5,0.5,0.3,0.3,1,0,0.8,0.8,0.3,0,0,0.7,0.2,0.7
Bones Hyland,DEN,69,4,19,3.3,8.3,0.403,1.9,5.2,0.366,1.4,3.1,0.465,0.518,1.6,1.8,0.856,0.2,2.5,2.7,2.8,0.6,0.3,1.2,2.2,10.1
Serge Ibaka,TOT,54,12,16.2,2.7,5.5,0.5,0.7,1.8,0.374,2.1,3.6,0.563,0.563,0.6,0.8,0.727,1.1,3.5,4.6,0.9,0.2,0.6,0.8,1.9,6.8
Serge Ibaka,LAC,35,10,15.4,2.7,5.5,0.49,0.7,1.8,0.387,2,3.7,0.538,0.552,0.6,0.8,0.69,1.1,3.1,4.3,1,0.2,0.7,0.9,1.6,6.6
Serge Ibaka,MIL,19,2,17.8,2.8,5.5,0.519,0.7,1.9,0.351,2.2,3.5,0.612,0.582,0.6,0.8,0.8,1.2,4.1,5.3,0.7,0.2,0.4,0.5,2.4,7
Andre Iguodala,GSW,31,0,19.5,1.5,3.9,0.38,0.5,2.4,0.23,0.9,1.5,0.617,0.45,0.5,0.6,0.75,0.7,2.5,3.2,3.7,0.9,0.7,0.9,1.1,4
Joe Ingles,UTA,45,15,24.9,2.6,6.3,0.404,1.7,5,0.347,0.8,1.3,0.617,0.54,0.4,0.5,0.773,0.3,2.6,2.9,3.5,0.5,0.1,1,1.8,7.2
Brandon Ingram,NOP,55,55,34,8.2,17.9,0.461,1.3,4.1,0.327,6.9,13.8,0.501,0.498,4.8,5.9,0.826,0.6,5.2,5.8,5.6,0.6,0.5,2.7,2.2,22.7
Kyrie Irving,BRK,29,29,37.6,10,21.2,0.469,3.4,8.2,0.418,6.5,13,0.501,0.55,4.1,4.4,0.915,0.6,3.8,4.4,5.8,1.4,0.6,2.5,2.8,27.4
Wes Iwundu,ATL,3,1,27.3,2.7,6,0.444,1,1.7,0.6,1.7,4.3,0.385,0.528,1,1.3,0.75,1,3.3,4.3,0,0.3,0,0.3,2.7,7.3
Frank Jackson,DET,53,7,22,3.7,9.1,0.402,1.6,5.3,0.308,2,3.8,0.529,0.491,1.6,2,0.827,0.4,1.3,1.6,1,0.5,0.2,0.7,1.7,10.6
Isaiah Jackson,IND,36,15,15,3.2,5.7,0.563,0.1,0.4,0.313,3.1,5.3,0.584,0.575,1.7,2.4,0.682,1.7,2.5,4.1,0.3,0.7,1.4,1.1,2.6,8.3
Jaren Jackson Jr.,MEM,78,78,27.3,5.5,13.3,0.415,1.6,5.1,0.319,3.9,8.1,0.476,0.477,3.6,4.4,0.823,1.5,4.3,5.8,1.1,0.9,2.3,1.7,3.5,16.3
Josh Jackson,TOT,51,3,16.3,2.4,5.9,0.4,0.6,2.5,0.254,1.7,3.3,0.512,0.455,1.1,1.5,0.714,0.4,2.4,2.8,1.1,0.5,0.4,0.9,1.7,6.4
Josh Jackson,DET,39,3,18.1,2.6,6.4,0.41,0.8,2.9,0.265,1.9,3.5,0.529,0.47,1,1.4,0.714,0.4,2.7,3.2,1.3,0.5,0.5,1,1.8,7.1
Josh Jackson,SAC,12,0,10.3,1.4,4.1,0.347,0.3,1.4,0.176,1.2,2.7,0.438,0.378,1.3,1.8,0.714,0.3,1.2,1.5,0.4,0.4,0.3,0.8,1.4,4.3
Justin Jackson,TOT,7,0,5.3,0.7,2.1,0.333,0.4,1.3,0.333,0.3,0.9,0.333,0.433,0.3,0.3,1,0.1,0.9,1,0.3,0,0,0.1,0.4,2.1
Justin Jackson,BOS,1,0,2,0,1,0,0,0,,0,1,0,0,2,2,1,0,0,0,0,0,0,0,0,2
Justin Jackson,PHO,6,0,5.8,0.8,2.3,0.357,0.5,1.5,0.333,0.3,0.8,0.4,0.464,0,0,,0.2,1,1.2,0.3,0,0,0.2,0.5,2.2
Reggie Jackson,LAC,75,75,31.2,6.4,16.3,0.392,2.2,6.8,0.326,4.2,9.5,0.439,0.46,1.8,2.2,0.847,0.5,3.1,3.6,4.8,0.7,0.2,2.3,2.1,16.8
LeBron James,LAL,56,56,37.2,11.4,21.8,0.524,2.9,8,0.359,8.6,13.8,0.62,0.59,4.5,6,0.756,1.1,7.1,8.2,6.2,1.3,1.1,3.5,2.2,30.3
DeJon Jarreau,IND,1,0,1,0,0,,0,0,,0,0,,,0,0,,0,0,0,0,0,0,0,0,0
DaQuan Jeffries,MEM,3,0,3,0.3,0.7,0.5,0,0.3,0,0.3,0.3,1,0.5,0,0,,0,0.7,0.7,0.3,0,0,0,0.3,0.7
Ty Jerome,OKC,48,4,16.7,2.6,6.8,0.378,1.1,3.9,0.29,1.5,3,0.493,0.46,0.8,1,0.809,0.4,1.2,1.6,2.3,0.6,0.1,0.8,1.5,7.1
Isaiah Joe,PHI,55,1,11.1,1.1,3.2,0.35,0.8,2.5,0.333,0.3,0.8,0.405,0.477,0.5,0.6,0.935,0.1,0.9,1,0.6,0.3,0.1,0.3,0.9,3.6
Alize Johnson,TOT,23,0,7.3,0.7,1.7,0.436,0,0.2,0,0.7,1.5,0.486,0.436,0.3,0.5,0.583,1.2,1.4,2.7,0.4,0.2,0,0.5,0.8,1.8
Alize Johnson,CHI,16,0,7.6,0.8,1.4,0.522,0,0.1,0,0.8,1.3,0.571,0.522,0.3,0.4,0.571,1,1.3,2.3,0.5,0.2,0,0.5,0.9,1.8
Alize Johnson,WAS,3,0,6,0.7,2,0.333,0,0.7,0,0.7,1.3,0.5,0.333,0,0.3,0,1.7,2.3,4,0,0,0,1,0,1.3
Alize Johnson,NOP,4,0,7,0.8,2.5,0.3,0,0,,0.8,2.5,0.3,0.3,0.8,1,0.75,1.8,1.5,3.3,0.3,0.5,0,0.3,0.8,2.3
B.J. Johnson,ORL,4,0,16.3,2.8,6.3,0.44,1,2.5,0.4,1.8,3.8,0.467,0.52,0,0,,1.5,2.3,3.8,0,0,0.3,0,1,6.5
Cameron Johnson,PHO,66,16,26.2,4.2,9.2,0.46,2.5,5.9,0.425,1.7,3.3,0.523,0.596,1.5,1.7,0.86,0.6,3.5,4.1,1.5,0.9,0.2,0.7,1.7,12.5
David Johnson,TOR,2,0,1,0,0.5,0,0,0.5,0,0,0,,0,0,0,,0,0,0,0,0,0,0,0,0
Jalen Johnson,ATL,22,0,5.5,1,1.9,0.537,0.1,0.6,0.231,0.9,1.3,0.679,0.573,0.2,0.3,0.714,0.1,1.1,1.2,0.1,0.1,0.1,0.4,0.4,2.4
James Johnson,BRK,62,10,19.2,2.3,5,0.469,0.4,1.4,0.271,2,3.6,0.545,0.507,0.5,0.9,0.527,0.8,2.6,3.5,2.1,0.5,0.5,0.8,2.6,5.5
Joe Johnson,BOS,1,0,2,1,1,1,0,0,,1,1,1,1,0,0,,0,0,0,0,0,0,0,0,2
Keldon Johnson,SAS,75,74,31.9,6.3,13.5,0.466,2.1,5.3,0.398,4.2,8.2,0.51,0.545,2.4,3.1,0.756,1.1,5,6.1,2.1,0.8,0.2,1.2,2,17
Keon Johnson,TOT,37,12,18.8,2.6,7.4,0.353,0.9,2.7,0.34,1.7,4.6,0.36,0.415,1.1,1.4,0.804,0.6,1.5,2.2,2.1,0.8,0.3,1.2,1.9,7.2
Keon Johnson,LAC,15,0,9,1.1,3.4,0.333,0.2,0.7,0.273,0.9,2.7,0.35,0.363,1.1,1.4,0.762,0.4,1,1.4,0.9,0.5,0.1,0.5,1.4,3.5
Keon Johnson,POR,22,12,25.5,3.6,10,0.357,1.4,4,0.348,2.2,6,0.364,0.428,1.1,1.4,0.833,0.8,1.9,2.7,2.9,1,0.5,1.8,2.2,9.7
Stanley Johnson,LAL,48,27,22.8,2.4,5.2,0.466,0.7,2.2,0.314,1.8,3,0.575,0.532,1.1,1.5,0.716,0.7,2.5,3.2,1.7,0.9,0.3,0.7,2.3,6.7
Tyler Johnson,TOT,6,0,15.2,1,3.3,0.3,0.8,2.2,0.385,0.2,1.2,0.143,0.425,0,0,,0.5,1.5,2,1.2,0.5,0.5,0.3,1.2,2.8
Tyler Johnson,PHI,3,0,12.7,1.3,3.3,0.4,1,2.3,0.429,0.3,1,0.333,0.55,0,0,,0.3,1.7,2,0.7,0.3,0.3,0.3,1.3,3.7
Tyler Johnson,SAS,3,0,17.7,0.7,3.3,0.2,0.7,2,0.333,0,1.3,0,0.3,0,0,,0.7,1.3,2,1.7,0.7,0.7,0.3,1,2
Nikola Jokić,DEN,74,74,33.5,10.3,17.7,0.583,1.3,3.9,0.337,9,13.8,0.652,0.62,5.1,6.3,0.81,2.8,11,13.8,7.9,1.5,0.9,3.8,2.6,27.1
Carlik Jones,TOT,5,0,4.6,0.2,1.8,0.111,0,0.2,0,0.2,1.6,0.125,0.111,0.4,0.4,1,0.2,0.4,0.6,1,0.2,0,0.6,0,0.8
Carlik Jones,DAL,3,0,6.3,0,2.3,0,0,0.3,0,0,2,0,0,0.7,0.7,1,0.3,0.7,1,1.7,0.3,0,1,0,0.7
Carlik Jones,DEN,2,0,2,0.5,1,0.5,0,0,,0.5,1,0.5,0.5,0,0,,0,0,0,0,0,0,0,0,1
Damian Jones,SAC,56,15,18.2,3.1,4.8,0.658,0.2,0.5,0.345,2.9,4.2,0.696,0.677,1.7,2.3,0.718,1.3,3.1,4.4,1.2,0.5,0.8,1.1,2.3,8.1
Derrick Jones Jr.,CHI,51,8,17.6,2.1,3.8,0.538,0.4,1.2,0.328,1.7,2.6,0.634,0.59,1.1,1.4,0.8,1.2,2.1,3.3,0.6,0.5,0.6,0.6,2.1,5.6
Herbert Jones,NOP,78,69,29.9,3.5,7.4,0.476,0.7,2.2,0.337,2.8,5.2,0.533,0.525,1.8,2.1,0.84,1.3,2.5,3.8,2.1,1.7,0.8,1.3,3.1,9.5
Jemerrio Jones,LAL,2,0,7.5,1,1.5,0.667,0,0,,1,1.5,0.667,0.667,0,0,,1,0.5,1.5,0,0.5,0,0,1,2
Kai Jones,CHO,21,0,3,0.4,0.7,0.643,0,0.1,0.5,0.4,0.6,0.667,0.679,0.1,0.4,0.375,0.1,0.4,0.5,0.2,0,0.1,0.3,0.4,1
Mason Jones,LAL,4,0,12.8,1.8,3.8,0.467,0.3,1,0.25,1.5,2.8,0.545,0.5,3,3.8,0.8,0.3,2.3,2.5,1,0.5,0,0.3,2,6.8
Tre Jones,SAS,69,11,16.6,2.4,4.9,0.49,0.1,0.7,0.196,2.3,4.2,0.542,0.504,1,1.3,0.78,0.4,1.8,2.2,3.4,0.6,0.1,0.7,1.1,6
Tyus Jones,MEM,73,23,21.2,3.4,7.6,0.451,1.1,2.8,0.39,2.3,4.8,0.487,0.524,0.7,0.9,0.818,0.2,2.2,2.4,4.4,0.9,0,0.6,0.4,8.7
DeAndre Jordan,TOT,48,20,13,1.9,3,0.643,0,0,,1.9,3,0.643,0.643,0.5,0.8,0.55,1.7,3.8,5.5,0.4,0.3,0.7,0.8,1.5,4.3
DeAndre Jordan,LAL,32,19,12.8,1.9,2.8,0.674,0,0,,1.9,2.8,0.674,0.674,0.4,0.8,0.462,1.6,3.8,5.4,0.4,0.3,0.8,0.7,1.6,4.1
DeAndre Jordan,PHI,16,1,13.4,2,3.4,0.593,0,0,,2,3.4,0.593,0.593,0.6,0.9,0.714,2,3.8,5.8,0.5,0.1,0.6,1,1.3,4.6
Cory Joseph,DET,65,39,24.6,2.7,6.2,0.445,1,2.4,0.414,1.7,3.7,0.465,0.526,1.5,1.7,0.885,0.4,2.2,2.7,3.6,0.6,0.3,1.3,2.3,8
Georgios Kalaitzakis,TOT,13,4,16.5,2.4,5.2,0.463,0.8,2,0.385,1.6,3.2,0.512,0.537,1.1,2.3,0.467,0.5,1.2,1.6,0.9,0.8,0.2,1.5,1.5,6.6
Georgios Kalaitzakis,MIL,9,0,5.3,0.6,1.2,0.455,0.2,0.4,0.5,0.3,0.8,0.429,0.545,0.4,1,0.444,0.4,0.4,0.9,0,0.1,0.1,0.4,0.9,1.8
Georgios Kalaitzakis,OKC,4,4,41.5,6.5,14,0.464,2,5.5,0.364,4.5,8.5,0.529,0.536,2.5,5.3,0.476,0.5,2.8,3.3,3,2.5,0.3,4,2.8,17.5
Frank Kaminsky,PHO,9,0,20.1,4,7.3,0.545,0.6,1.7,0.333,3.4,5.7,0.608,0.583,2,2.2,0.9,1.2,3.3,4.6,1.4,0.9,0.8,0.6,1.6,10.6
Luke Kennard,LAC,70,13,27.4,4.1,9.1,0.449,2.7,6,0.449,1.4,3.1,0.449,0.598,1,1.1,0.896,0.3,3,3.3,2.1,0.6,0.1,0.9,1.4,11.9
Braxton Key,TOT,11,0,17.9,3,6.5,0.458,0.5,1.9,0.286,2.5,4.6,0.529,0.5,0.6,1.2,0.538,1.2,3.4,4.5,1,0.9,1,1,2.4,7.2
Braxton Key,PHI,2,0,3,0.5,1,0.5,0,0.5,0,0.5,0.5,1,0.5,0,0,,0.5,0.5,1,0.5,0.5,0,1,0.5,1
Braxton Key,DET,9,0,21.2,3.6,7.8,0.457,0.7,2.2,0.3,2.9,5.6,0.52,0.5,0.8,1.4,0.538,1.3,4,5.3,1.1,1,1.2,1,2.8,8.6
George King,DAL,4,0,4.8,0,1.3,0,0,1,0,0,0.3,0,0,0.3,0.5,0.5,0,1.3,1.3,0,0,0,0.3,1,0.3
Louis King,SAC,10,0,10.4,1.5,4.7,0.319,0.8,2.7,0.296,0.7,2,0.35,0.404,0.7,1,0.7,0,1.2,1.2,0.9,0.2,0.1,0,1.4,4.5
Corey Kispert,WAS,77,36,23.4,3,6.7,0.455,1.5,4.2,0.35,1.6,2.5,0.629,0.564,0.7,0.8,0.871,0.7,2,2.7,1.1,0.5,0.3,0.6,1.2,8.2
Maxi Kleber,DAL,59,21,24.6,2.4,6,0.398,1.4,4.3,0.325,1,1.7,0.586,0.516,0.8,1.1,0.708,1.2,4.7,5.9,1.2,0.5,1,0.8,2.3,7
Brandon Knight,DAL,5,0,13,2,5,0.4,0.8,3.4,0.235,1.2,1.6,0.75,0.48,1.6,1.6,1,0,1.6,1.6,1.6,0.2,0,0.8,1,6.4
Nathan Knight,MIN,37,2,7.2,1.2,2.4,0.511,0.1,0.4,0.308,1.1,2,0.547,0.534,1.2,1.6,0.733,0.9,1.4,2.3,0.6,0.2,0.2,0.5,1.1,3.7
Kevin Knox,TOT,30,0,7.4,1,2.8,0.365,0.5,1.8,0.278,0.5,1,0.516,0.453,0.5,0.7,0.727,0.5,1,1.5,0.3,0.1,0.1,0.2,0.6,3.1
Kevin Knox,NYK,13,0,8.5,1.2,3.1,0.375,0.8,2.2,0.357,0.4,0.9,0.417,0.5,0.5,0.8,0.7,0.6,1.1,1.7,0.2,0.2,0.1,0.4,0.4,3.6
Kevin Knox,ATL,17,0,6.5,0.9,2.6,0.356,0.3,1.5,0.192,0.6,1.1,0.579,0.411,0.5,0.7,0.75,0.4,0.9,1.3,0.4,0.1,0.1,0.1,0.8,2.7
John Konchar,MEM,72,7,17.9,1.9,3.6,0.515,0.7,1.8,0.413,1.2,1.9,0.61,0.615,0.4,0.7,0.551,1.2,3.4,4.6,1.5,0.6,0.3,0.4,1.3,4.8
Furkan Korkmaz,PHI,67,19,21.1,2.7,7,0.387,1.1,4,0.289,1.6,3,0.515,0.469,1,1.3,0.81,0.3,2.3,2.6,1.9,0.5,0.1,0.7,0.9,7.6
Luke Kornet,TOT,15,0,6.9,0.9,1.8,0.481,0,0.3,0,0.9,1.5,0.591,0.481,0.3,0.4,0.667,0.9,1.1,1.9,0.6,0.2,0.2,0,0.6,2
Luke Kornet,CLE,2,0,7.5,0.5,2.5,0.2,0,0.5,0,0.5,2,0.25,0.2,1,1.5,0.667,1,0.5,1.5,0.5,0,0.5,0,0.5,2
Luke Kornet,MIL,1,0,3,0,1,0,0,0,,0,1,0,0,0,0,,1,0,1,0,0,0,0,1,0
Luke Kornet,BOS,12,0,7.1,1,1.8,0.571,0,0.3,0,1,1.4,0.706,0.571,0.2,0.3,0.667,0.8,1.3,2.1,0.7,0.3,0.2,0,0.6,2.2
Vit Krejci,OKC,30,8,23,2.3,5.6,0.407,1.1,3.3,0.327,1.2,2.3,0.522,0.503,0.6,0.7,0.864,0.6,2.8,3.4,1.9,0.6,0.3,1,2.2,6.2
Arnoldas Kulboka,CHO,2,0,2.5,0,0.5,0,0,0.5,0,0,0,,0,0,0,,0,0,0,0,0,0,0,0.5,0
Jonathan Kuminga,GSW,70,12,16.9,3.4,6.6,0.513,0.7,2.1,0.336,2.7,4.4,0.598,0.567,1.9,2.7,0.684,0.8,2.6,3.3,0.9,0.4,0.3,1.1,2.1,9.3
Kyle Kuzma,WAS,66,66,33.4,6.4,14.2,0.452,1.9,5.7,0.341,4.5,8.5,0.526,0.52,2.4,3.3,0.712,1.1,7.4,8.5,3.5,0.6,0.9,2.6,1.9,17.1
Anthony Lamb,SAS,2,0,4,0,1,0,0,1,0,0,0,,0,0,0,,0,0.5,0.5,1,0,0,0,0,0
Jeremy Lamb,TOT,56,0,16.7,2.4,6.2,0.383,1,3,0.324,1.4,3.2,0.441,0.463,1.6,1.9,0.84,0.5,2.3,2.8,1.4,0.6,0.4,0.7,1.1,7.3
Jeremy Lamb,IND,39,0,15.7,2.2,5.8,0.373,1,3,0.333,1.2,2.8,0.414,0.458,1.7,2.1,0.838,0.4,2,2.4,1.3,0.6,0.4,0.6,1.1,7.1
Jeremy Lamb,SAC,17,0,18.9,2.8,7,0.403,0.9,3.1,0.302,1.9,3.9,0.485,0.471,1.3,1.5,0.846,0.6,2.9,3.5,1.8,0.5,0.5,0.8,0.9,7.9
Jock Landale,SAS,54,1,10.9,1.9,3.8,0.495,0.5,1.6,0.326,1.3,2.1,0.626,0.566,0.6,0.8,0.829,1.2,1.4,2.6,0.8,0.2,0.3,0.6,1,4.9
Romeo Langford,TOT,48,5,16.1,1.7,4,0.435,0.6,1.8,0.341,1.1,2.2,0.509,0.51,0.5,0.9,0.548,0.6,1.6,2.3,0.4,0.5,0.3,0.3,1,4.5
Romeo Langford,BOS,44,5,16.5,1.8,4.2,0.429,0.7,1.9,0.349,1.1,2.3,0.495,0.508,0.5,0.8,0.588,0.7,1.7,2.4,0.4,0.5,0.4,0.4,1,4.7
Romeo Langford,SAS,4,0,10.8,1,1.8,0.571,0,0.5,0,1,1.3,0.8,0.571,0.8,2,0.375,0,1,1,0.5,0.3,0,0,0.3,2.8
Zach LaVine,CHI,67,67,34.7,8.4,17.7,0.476,2.8,7.1,0.389,5.7,10.6,0.534,0.554,4.8,5.6,0.853,0.3,4.3,4.6,4.5,0.6,0.3,2.6,1.8,24.4
Jake Layman,MIN,34,1,6.8,0.9,2.1,0.411,0.2,1,0.229,0.6,1.1,0.579,0.466,0.4,0.5,0.722,0.2,0.9,1.1,0.3,0.2,0.1,0.3,0.4,2.4
Damion Lee,GSW,63,5,19.9,2.7,6.1,0.441,1,3,0.337,1.7,3.1,0.541,0.523,1,1.2,0.88,0.4,2.8,3.2,1,0.6,0.1,0.6,1.5,7.4
Saben Lee,DET,37,0,16.3,1.9,4.8,0.39,0.4,1.6,0.233,1.5,3.2,0.47,0.429,1.5,1.9,0.789,0.5,1.9,2.4,2.9,1,0.3,1,1.2,5.6
Alex Len,SAC,39,10,15.9,2.4,4.5,0.534,0.2,0.5,0.286,2.3,4,0.568,0.551,1.1,1.6,0.651,1.3,2.8,4.1,1.2,0.3,0.6,1.1,2.6,6
Caris LeVert,TOT,58,49,30.7,6.5,14.7,0.444,1.4,4.4,0.32,5.1,10.3,0.497,0.492,2.5,3.3,0.756,0.7,2.9,3.7,4.3,0.9,0.4,1.9,2.3,17
Caris LeVert,IND,39,39,31.1,7.1,15.9,0.447,1.6,4.8,0.323,5.6,11.1,0.501,0.496,2.8,3.7,0.76,0.8,3.1,3.8,4.4,0.9,0.5,1.9,2.3,18.7
Caris LeVert,CLE,19,10,29.8,5.3,12.2,0.435,1.1,3.5,0.313,4.2,8.7,0.485,0.481,1.8,2.5,0.745,0.7,2.7,3.4,3.9,0.8,0.3,1.7,2.1,13.6
Kira Lewis Jr.,NOP,24,0,14.2,2.5,6.1,0.404,0.5,2.4,0.224,1.9,3.7,0.523,0.449,0.4,0.5,0.833,0.4,1.3,1.6,2,0.5,0,1.1,0.7,5.9
Scottie Lewis,CHO,2,0,3.5,0,0,,0,0,,0,0,,,0.5,1,0.5,0,0,0,0.5,0.5,0,0,0,0.5
Damian Lillard,POR,29,29,36.4,7.7,19,0.402,3.2,9.8,0.324,4.5,9.2,0.485,0.486,5.5,6.2,0.878,0.4,3.7,4.1,7.3,0.6,0.4,2.9,1.3,24
Nassir Little,POR,42,23,25.9,3.5,7.5,0.46,1.2,3.7,0.331,2.2,3.8,0.584,0.541,1.6,2.2,0.734,1.4,4.2,5.6,1.3,0.6,0.9,1,2,9.8
Isaiah Livers,DET,19,5,20.2,2.2,4.7,0.456,1.4,3.4,0.422,0.7,1.4,0.538,0.606,0.6,0.7,0.857,0.8,2.2,3,1.1,0.7,0.4,0.8,1.9,6.4
Kevon Looney,GSW,82,80,21.1,2.5,4.4,0.571,0,0,0,2.5,4.4,0.573,0.571,0.9,1.5,0.6,2.5,4.7,7.3,2,0.6,0.6,0.8,2.6,6
Brook Lopez,MIL,13,11,22.9,4.7,10.1,0.466,1.5,4.1,0.358,3.2,6,0.538,0.538,1.5,1.8,0.87,1.5,2.6,4.1,0.5,0.6,1.2,0.9,2.6,12.4
Robin Lopez,ORL,36,9,17,3.1,5.5,0.553,0.1,0.2,0.333,3,5.4,0.56,0.558,0.9,1.5,0.593,1.9,1.6,3.5,1.5,0.1,0.5,1.2,1.9,7.1
Didi Louzada,TOT,9,1,14.3,1.3,3.7,0.364,1,2.6,0.391,0.3,1.1,0.3,0.5,0.2,0.2,1,0.6,1.3,1.9,0.6,0.2,0.2,0.6,1.4,3.9
Didi Louzada,NOP,2,0,3.5,0,1.5,0,0,1.5,0,0,0,,0,0,0,,1,0,1,0.5,0,0,0,0,0
Didi Louzada,POR,7,1,17.4,1.7,4.3,0.4,1.3,2.9,0.45,0.4,1.4,0.3,0.55,0.3,0.3,1,0.4,1.7,2.1,0.6,0.3,0.3,0.7,1.9,5
Kevin Love,CLE,74,4,22.5,4.4,10.3,0.43,2.5,6.4,0.392,1.9,3.8,0.493,0.553,2.2,2.7,0.838,1.2,6.1,7.2,2.2,0.4,0.2,1.3,1.4,13.6
Kyle Lowry,MIA,63,63,33.9,4.4,10,0.44,2.3,6.1,0.377,2.1,3.9,0.539,0.555,2.3,2.8,0.851,0.5,4,4.5,7.5,1.1,0.3,2.7,2.8,13.4
Gabriel Lundberg,PHO,4,0,11,1.3,4.8,0.263,0.8,2,0.375,0.5,2.8,0.182,0.342,0,0,,0.5,1.3,1.8,2.8,0.8,0,0.8,1.8,3.3
Timothé Luwawu-Cabarrot,ATL,52,18,13.2,1.4,3.6,0.398,0.8,2.3,0.361,0.6,1.2,0.469,0.516,0.7,0.8,0.854,0.3,1.3,1.6,0.8,0.3,0.1,0.4,1.5,4.4
Trey Lyles,TOT,75,23,20.5,3.5,7.5,0.466,0.9,2.8,0.321,2.6,4.7,0.552,0.526,2.6,3.2,0.802,1.2,3.9,5.1,1.2,0.4,0.4,1,1.6,10.5
Trey Lyles,DET,51,3,19.4,3.4,7.5,0.456,0.9,2.9,0.301,2.6,4.7,0.55,0.513,2.7,3.5,0.784,1.2,3.6,4.8,1.1,0.4,0.5,1.1,1.8,10.4
Trey Lyles,SAC,24,20,22.8,3.6,7.4,0.489,1,2.6,0.365,2.7,4.8,0.557,0.553,2.4,2.8,0.851,1.2,4.4,5.6,1.3,0.3,0.3,0.8,1.3,10.6
Théo Maledon,OKC,51,7,17.8,2.3,6.2,0.375,0.9,2.9,0.293,1.5,3.3,0.449,0.445,1.5,2,0.79,0.4,2.2,2.6,2.2,0.6,0.2,1.3,1.3,7.1
Sandro Mamukelashvili,MIL,41,3,9.9,1.4,2.8,0.496,0.5,1.3,0.423,0.9,1.5,0.556,0.591,0.4,0.5,0.818,0.9,1.1,2,0.5,0.2,0.2,0.4,0.7,3.8
Terance Mann,LAC,81,33,28.6,4.1,8.5,0.484,0.9,2.6,0.365,3.2,6,0.535,0.539,1.6,2,0.78,1.3,4,5.2,2.6,0.7,0.3,1,2.2,10.8
Tre Mann,OKC,60,26,22.8,3.9,9.8,0.393,1.6,4.5,0.36,2.2,5.3,0.421,0.476,1.1,1.4,0.793,0.4,2.4,2.9,1.5,0.8,0.2,1.2,1.7,10.4
Boban Marjanović,DAL,23,0,5.6,1.8,3,0.6,0,0.2,0.25,1.8,2.9,0.621,0.607,0.6,1,0.591,0.3,1.3,1.7,0.1,0,0.1,0.7,1,4.3
Lauri Markkanen,CLE,61,61,30.8,5.1,11.5,0.445,2.2,6.2,0.358,2.9,5.3,0.548,0.542,2.3,2.6,0.868,1,4.7,5.7,1.3,0.7,0.5,0.9,2.1,14.8
Naji Marshall,NOP,55,4,13.4,2,4.9,0.405,0.4,1.9,0.2,1.6,3,0.537,0.444,1.3,1.7,0.796,0.7,1.9,2.6,1.1,0.6,0.1,0.8,1.3,5.7
Caleb Martin,MIA,60,12,22.9,3.5,6.8,0.507,1.1,2.6,0.413,2.4,4.3,0.565,0.585,1.2,1.6,0.763,1.2,2.7,3.8,1.1,1,0.5,0.9,1.7,9.2
Cody Martin,CHO,71,11,26.3,2.9,6,0.482,0.9,2.2,0.384,2,3.7,0.542,0.554,1.1,1.5,0.701,1.2,2.9,4,2.5,1.2,0.5,0.9,1.6,7.7
Kelan Martin,TOT,30,1,15,2.3,5.7,0.409,0.7,2.5,0.293,1.6,3.2,0.5,0.474,0.3,0.4,0.692,0.6,1.3,1.8,0.7,0.4,0.3,0.5,1.2,5.7
Kelan Martin,IND,27,1,16.4,2.6,6.2,0.417,0.8,2.7,0.297,1.8,3.5,0.511,0.482,0.3,0.5,0.692,0.6,1.4,2,0.8,0.5,0.3,0.5,1.3,6.3
Kelan Martin,BOS,3,0,2,0,1,0,0,0.3,0,0,0.7,0,0,0,0,,0.3,0.3,0.7,0,0,0,0,0,0
Kenyon Martin Jr.,HOU,79,2,21,3.5,6.6,0.533,0.8,2.1,0.357,2.8,4.5,0.617,0.591,1,1.6,0.634,1,2.7,3.8,1.3,0.4,0.5,0.8,1.4,8.8
Garrison Mathews,HOU,65,33,26.3,2.8,7.1,0.399,2.1,5.9,0.36,0.7,1.2,0.6,0.55,2.2,2.8,0.794,0.5,2.4,2.9,1,0.9,0.4,0.6,2.6,10
Dakota Mathias,MEM,6,0,2.7,0.3,1,0.333,0.3,1,0.333,0,0,,0.5,0,0,,0,0.3,0.3,0.2,0.2,0,0,0.2,1
Wesley Matthews,MIL,49,14,20.4,1.8,4.5,0.395,1.1,3.2,0.338,0.7,1.3,0.54,0.516,0.4,0.6,0.786,0.6,1.3,1.9,0.7,0.5,0.2,0.4,1.8,5.1
Tyrese Maxey,PHI,75,74,35.3,6.4,13.3,0.485,1.8,4.1,0.427,4.7,9.1,0.512,0.552,2.8,3.3,0.866,0.3,2.9,3.2,4.3,0.7,0.4,1.2,2.1,17.5
Skylar Mays,ATL,28,5,7.9,1.1,2.3,0.5,0.3,0.9,0.32,0.9,1.4,0.615,0.563,0.3,0.3,0.889,0.2,0.7,0.9,0.6,0.3,0,0.4,0.3,2.9
Miles McBride,NYK,40,2,9.3,0.8,2.7,0.296,0.4,1.7,0.25,0.4,1,0.375,0.375,0.2,0.3,0.667,0.1,1,1.1,1,0.4,0,0.1,1.1,2.2
Mac McClung,TOT,2,0,12.5,1.5,3,0.5,0.5,1.5,0.333,1,1.5,0.667,0.583,0.5,0.5,1,0,1.5,1.5,0.5,0.5,0.5,1.5,2.5,4
Mac McClung,CHI,1,0,3,1,1,1,0,0,,1,1,1,1,0,0,,0,0,0,0,0,0,1,0,2
Mac McClung,LAL,1,0,22,2,5,0.4,1,3,0.333,1,2,0.5,0.5,1,1,1,0,3,3,1,1,1,2,5,6
CJ McCollum,TOT,62,62,34.6,8.6,18.8,0.46,2.9,7.6,0.388,5.7,11.2,0.509,0.539,1.9,2.7,0.682,0.9,3.5,4.3,5.1,1.1,0.4,2,2,22.1
CJ McCollum,POR,36,36,35.2,8.1,18.5,0.436,3.1,8,0.384,5,10.4,0.476,0.52,1.3,1.9,0.706,0.9,3.3,4.3,4.5,1,0.6,1.9,2.1,20.5
CJ McCollum,NOP,26,26,33.8,9.5,19.2,0.493,2.7,6.9,0.394,6.7,12.3,0.549,0.564,2.6,3.9,0.667,0.7,3.7,4.5,5.8,1.3,0,2.2,1.7,24.3
T.J. McConnell,IND,27,8,24.1,3.7,7.7,0.481,0.4,1.2,0.303,3.3,6.5,0.514,0.505,0.7,0.9,0.826,0.7,2.6,3.3,4.9,1.1,0.4,1.1,2,8.5
Jaden McDaniels,MIN,70,31,25.8,3.6,7.9,0.46,1.1,3.6,0.317,2.5,4.3,0.579,0.532,0.8,1,0.803,1.1,3.1,4.2,1.1,0.7,0.8,1.1,3.2,9.2
Jalen McDaniels,CHO,55,2,16.3,2.2,4.6,0.484,0.7,2,0.38,1.5,2.7,0.562,0.565,1,1.3,0.736,0.7,2.4,3.1,1.1,0.5,0.4,0.7,1.7,6.2
Doug McDermott,SAS,51,51,24,4.2,9.1,0.462,2.1,5,0.422,2.1,4.1,0.512,0.578,0.8,1,0.784,0.4,1.9,2.3,1.3,0.3,0.1,0.8,1.5,11.3
JaVale McGee,PHO,74,17,15.8,3.9,6.2,0.629,0,0.1,0.222,3.9,6.1,0.637,0.631,1.4,2,0.699,2.2,4.5,6.7,0.6,0.3,1.1,1.3,2.4,9.2
Cameron McGriff,POR,3,0,15.3,1.7,4.7,0.357,0.7,2,0.333,1,2.7,0.375,0.429,0.7,0.7,1,2,3,5,1,0,0.3,0,2.3,4.7
Rodney McGruder,DET,51,2,14.8,1.9,4.4,0.436,1.1,2.9,0.397,0.8,1.5,0.506,0.564,0.4,0.5,0.731,0.6,1.6,2.2,0.9,0.4,0.1,0.5,1.1,5.4
